estrato,area,habitaciones,banos,parqueaderos,antiguedad,tipo_propiedad,tipo_operacion,latitud,longitud,localidad,barrio,precio_venta,precio_arriendo,administracion,closets,gimnasio,ascensor,piscina,conjunto_cerrado,salon_comunal,terraza,vigilancia,100_education,100_healthcare,100_retail_access,100_dining_and_entertainment,100_accommodation,100_parks_and_recreation,100_infrastructure_services,100_cultural_amenities,300_education,300_healthcare,300_retail_access,300_dining_and_entertainment,300_accommodation,300_parks_and_recreation,300_infrastructure_services,300_cultural_amenities,500_education,500_healthcare,500_retail_access,500_dining_and_entertainment,500_accommodation,500_parks_and_recreation,500_infrastructure_services,500_cultural_amenities,1000_education,1000_healthcare,1000_retail_access,1000_dining_and_entertainment,1000_accommodation,1000_parks_and_recreation,1000_infrastructure_services,1000_cultural_amenities,2000_education,2000_healthcare,2000_retail_access,2000_dining_and_entertainment,2000_accommodation,2000_parks_and_recreation,2000_infrastructure_services,2000_cultural_amenities,cadastral,commercial
3,76,3,2,1,ENTRE 10 Y 20 ANOS,APARTAMENTO,VENTA,4.746591885665612,-74.05757099810216,SUBA,URB. PICADELLY,339000000.0,NaN,300000.0,,0,0,0,1,0,0,0,0,0,0,0,0,1,0,0,0,3,5,4,0,10,2,0,2,13,40,23,0,27,12,0,15,44,168,84,0,110,34,0,58,90,435,225,2,149,86,0,2003025.0,3035999.4
3,63,3,2,0,MAS DE 20 ANOS,APARTAMENTO,VENTA,4.730110594776447,-74.02816994396177,USAQUEN,BARRANCAS PERLAS DEL NORTE,223000000.0,NaN,NaN,,0,0,0,0,0,0,0,0,1,3,0,0,0,1,0,2,7,17,9,0,2,8,0,5,13,42,19,0,9,13,0,10,34,151,59,0,14,47,2,37,133,421,225,2,43,142,3,1589880.2222222222,2213160.0
3,54,3,2,0,ENTRE 0 Y 5 ANOS,APARTAMENTO,VENTA,4.607378381953671,-74.08264843007679,LOS MARTIRES,SAN VICTORINO,440898168.0,NaN,305000.0,,0,0,0,1,0,0,0,0,0,3,0,0,0,1,0,1,4,27,4,0,0,1,0,2,6,72,10,1,0,2,0,11,23,265,85,5,3,38,4,93,102,737,791,115,37,170,66,1454715.8,1691379.2
2,43,2,2,0,ENTRE 10 Y 20 ANOS,APARTAMENTO,VENTA,4.740108919910245,-74.11367534607827,SUBA,LA ESTRELLA II,158000000.0,NaN,106600.0,,0,0,0,1,0,0,0,0,1,2,1,0,0,0,0,2,1,6,2,0,2,0,0,3,1,9,2,0,7,2,0,8,5,71,8,0,11,21,0,28,38,198,83,0,60,96,1,1105646.0,1727753.0
3,48,3,2,0,MAS DE 20 ANOS,APARTAMENTO,VENTA,4.763900015859,-74.02527996992,USAQUEN,HORIZONTES USAQUEN,222800000.0,NaN,151000.0,,0,0,0,1,0,0,0,0,0,1,0,0,0,0,0,1,1,14,5,0,1,1,0,5,6,37,11,0,3,2,1,12,13,84,27,0,13,10,1,32,18,119,49,0,41,20,1,831238.3333333334,1225436.4444444445
2,47,2,1,0,ENTRE 10 Y 20 ANOS,APARTAMENTO,VENTA,4.632697639848516,-74.19811074612754,BOSA,S.C. SAN BERNARDINO XVI,128900000.0,NaN,86500.0,,0,0,0,1,0,0,0,0,0,0,0,0,0,0,0,1,1,3,0,0,0,0,0,4,1,8,0,0,1,1,0,17,3,21,4,0,6,4,0,44,10,56,18,0,20,16,0,993813.625,1462167.0
3,38,2,1,0,ENTRE 5 Y 10 ANOS,APARTAMENTO,VENTA,4.753457674995014,-74.09328837339247,SUBA,PINOS DE LOMBARDIA,190000000.0,NaN,178600.0,,0,0,0,1,0,1,0,0,0,1,0,0,0,1,0,2,1,6,1,0,1,4,0,5,4,13,13,0,2,11,0,16,20,82,62,0,9,47,1,52,47,210,84,0,27,118,1,1592565.4,2362511.0
3,37,2,1,0,ENTRE 10 Y 20 ANOS,APARTAMENTO,VENTA,4.7595866,-74.1009706,SUBA,URB. CAMINO VERDE,149000000.0,NaN,160000.0,,0,0,0,1,0,0,0,0,0,0,0,0,0,0,0,2,0,0,0,0,0,2,0,4,4,19,9,0,0,15,0,11,11,44,23,0,4,34,0,30,38,180,75,0,22,91,1,955065.3333333334,1372448.0
4,51,1,2,1,ENTRE 5 Y 10 ANOS,APARTAMENTO,VENTA,4.603247280375196,-74.11873464028827,PUENTE ARANDA,CIUDAD MONTES III SECTOR,350000000.0,NaN,NaN,,1,0,0,1,0,1,0,0,0,0,0,0,0,0,0,1,1,17,4,0,1,0,0,4,3,48,15,0,4,2,0,14,38,179,83,0,18,23,0,66,128,510,252,1,53,101,4,1282957.0,1775422.5714285714
2,57,2,1,0,ENTRE 10 Y 20 ANOS,CASA CON CONJUNTO CERRADO,VENTA,4.72130166431905,-74.13449815817512,ENGATIVA,EL GACO - EL PORVENIR (PREDIO),190000000.0,NaN,155000.0,,0,0,0,0,0,1,0,0,0,2,0,0,0,0,0,0,2,6,3,0,0,0,0,1,5,14,13,0,0,1,0,11,11,31,20,0,5,2,0,24,82,341,155,2,32,47,0,1017847.7647058824,1355004.294117647
3,63,4,2,0,ENTRE 10 Y 20 ANOS,CASA CON CONJUNTO CERRADO,VENTA,4.759065276141254,-74.10013165135325,SUBA,URB. CAMINO VERDE,226604237.0,NaN,98000.0,,0,0,0,1,0,0,0,0,0,0,0,0,0,0,0,2,0,0,0,0,0,2,0,4,4,19,9,0,0,15,0,11,11,44,23,0,4,34,0,30,38,180,75,0,22,91,1,955065.3333333334,1372448.0
4,70,3,2,1,ENTRE 0 Y 5 ANOS,APARTAMENTO,VENTA,4.634183718519668,-74.09213745135507,TEUSAQUILLO,QUINTA PAREDES,480000000.0,NaN,NaN,,0,0,0,0,0,1,0,0,1,0,0,1,1,0,0,1,9,8,7,27,1,5,0,2,15,18,35,42,3,15,1,14,31,63,116,64,9,46,5,48,87,306,416,78,27,148,17,2042240.2857142857,2460888.8571428573
3,73,3,2,1,ENTRE 10 Y 20 ANOS,APARTAMENTO,VENTA,4.758119905496352,-74.03397656905331,USAQUEN,VILLAS DE ANDALUCIA,291750503.0,NaN,50000.0,,0,0,0,1,0,0,0,0,0,2,0,0,1,0,0,0,0,3,0,0,1,1,0,0,1,10,1,0,4,2,0,18,12,66,37,0,26,12,0,53,64,369,171,1,75,79,1,1556224.5,2209552.5
4,170,4,4,2,MAS DE 20 ANOS,CASA CON CONJUNTO CERRADO,VENTA,4.728894283743585,-74.04309951350079,USAQUEN,LOS CEDRITOS,720000000.0,NaN,500000.0,,0,0,0,1,0,0,0,0,2,2,1,0,0,0,0,0,9,8,8,0,2,4,0,3,21,31,24,0,4,13,0,17,57,141,91,1,12,40,0,50,186,612,362,1,68,160,4,2661809.0,3705562.6666666665
5,47,2,1,1,MAS DE 20 ANOS,APARTAMENTO,VENTA,4.6825270652771,-74.0496826171875,CHAPINERO,S.C. CHICO NORTE III SECTOR,381000000.0,NaN,438000.0,,0,0,0,0,0,0,0,0,0,3,3,0,0,1,0,0,6,15,18,1,1,6,0,0,20,33,53,9,2,20,1,10,76,120,203,27,16,92,3,27,216,600,644,55,67,224,12,4285799.166666667,5452833.833333333
3,61,3,2,0,ENTRE 0 Y 5 ANOS,APARTAMENTO,VENTA,4.655312652645029,-74.15489256809185,KENNEDY,S.C. TINTALA,269000000.0,NaN,184000.0,,0,0,0,1,0,0,0,0,0,0,0,0,0,0,0,0,0,0,0,0,0,0,0,1,0,0,0,0,0,0,0,3,2,4,1,0,2,0,0,17,17,63,40,2,20,14,0,910792.0,1380485.6666666667
2,126,6,3,1,MAS DE 20 ANOS,CASA,VENTA,4.602708055053951,-74.18061359681437,BOSA,LA ESTACION,490000000.0,NaN,NaN,,0,0,0,0,0,1,0,0,0,0,0,0,0,0,0,0,0,0,1,0,0,0,0,1,0,5,1,0,2,0,0,12,3,25,6,0,5,14,1,48,17,132,31,0,29,45,2,978014.8333333334,1384107.6666666667
5,86,3,2,2,MAS DE 20 ANOS,APARTAMENTO,VENTA,4.720417591164206,-74.04405833146835,USAQUEN,EL CONTADOR,423300000.0,NaN,666700.0,,0,0,0,0,0,0,0,0,0,2,0,0,0,0,0,1,8,35,28,0,0,9,1,5,24,65,52,0,3,18,1,13,51,155,113,1,22,31,1,48,165,485,329,5,61,121,2,2573862.375,3185164.875
3,45,4,4,1,MAS DE 20 ANOS,CASA,VENTA,4.714515175960004,-74.12448173217516,ENGATIVA,VILLAS DE GRANADA,450000000.0,NaN,NaN,,0,0,0,0,0,0,0,0,0,1,0,0,1,0,0,0,9,29,15,0,3,7,0,5,37,148,49,0,10,17,0,15,60,287,118,0,20,37,0,43,138,605,261,2,73,76,1,1490934.8333333333,2016726.3333333333
4,96,3,2,1,MAS DE 20 ANOS,APARTAMENTO,VENTA,4.732393703947215,-74.03813135844456,USAQUEN,PARQUES DE LORENA,486000000.0,NaN,400000.0,,1,0,0,1,0,0,0,0,0,0,0,0,0,1,0,1,0,1,0,0,4,2,0,4,4,6,1,0,5,2,0,7,47,97,58,0,15,55,0,63,186,623,360,1,60,178,4,2122335.0,2931176.75
3,50,2,1,0,MAS DE 20 ANOS,APARTAMENTO,VENTA,4.728229319908014,-74.08785865480158,SUBA,URB. LA PALMA I,180000000.0,NaN,84600.0,,0,0,0,1,0,0,0,0,0,0,0,0,0,0,0,3,1,5,1,0,0,2,0,8,10,59,26,0,0,2,0,27,30,132,49,0,4,31,0,48,60,276,112,0,26,93,1,1338330.5555555555,1869757.0
2,47,3,1,0,ENTRE 10 Y 20 ANOS,APARTAMENTO,VENTA,4.651838225708955,-74.16917740570511,KENNEDY,TIERRA BUENA RESERVADO II,130000000.0,NaN,78300.0,,0,0,0,1,0,0,0,0,0,0,0,0,0,0,0,0,0,1,0,0,0,0,0,0,0,2,0,0,2,0,0,3,0,13,6,0,6,3,0,22,23,66,17,1,15,12,0,1248589.0,1981035.3333333333
4,50,3,2,1,ENTRE 10 Y 20 ANOS,APARTAMENTO,VENTA,4.621004698260896,-74.06859394516988,SANTA FE,SAMPER,353758000.0,NaN,220000.0,,0,0,0,1,0,0,0,0,0,7,12,0,0,4,0,3,11,36,52,3,1,13,0,9,30,71,131,9,3,33,0,37,65,207,405,27,17,111,8,127,208,761,1099,79,43,262,35,2736455.4,3767941.8
4,68,3,2,1,ENTRE 5 Y 10 ANOS,APARTAMENTO,VENTA,4.649286599748474,-74.14457170453458,KENNEDY,BOSCONIA,321200000.0,NaN,175000.0,,1,0,0,1,0,1,0,0,0,0,0,0,0,0,0,0,0,2,2,0,0,0,0,2,1,5,4,0,0,0,0,5,10,26,24,0,5,3,0,22,24,104,68,1,26,23,1,574629.0,765169.0
3,64,3,2,1,ENTRE 5 Y 10 ANOS,APARTAMENTO,VENTA,4.6860307,-74.09681739999999,ENGATIVA,S.C. BOYACA,305000000.0,NaN,138000.0,,0,0,0,1,0,1,0,0,0,2,0,0,0,0,0,1,3,16,9,0,1,5,0,5,17,65,29,1,6,13,0,19,77,311,145,7,15,48,0,60,220,830,416,11,47,136,3,1959218.0,2362532.2
2,47,3,1,0,ENTRE 10 Y 20 ANOS,APARTAMENTO,VENTA,4.651838225708955,-74.16917740570511,KENNEDY,TIERRA BUENA RESERVADO II,139000000.0,NaN,78300.0,,0,0,0,1,0,0,0,0,0,0,0,0,0,0,0,0,0,1,0,0,0,0,0,0,0,2,0,0,2,0,0,3,0,13,6,0,6,3,0,22,23,66,17,1,15,12,0,1248589.0,1981035.3333333333
2,38,2,1,0,ENTRE 5 Y 10 ANOS,APARTAMENTO,VENTA,4.473558941907808,-74.12881830694222,USME,CIUDADELA DE USME LA ESPERANZA I ETAPA,95000000.0,NaN,40000.0,,0,0,0,0,0,0,0,0,0,0,0,0,0,0,0,0,0,0,0,0,0,0,0,0,0,0,1,0,1,2,0,4,1,1,1,0,2,2,0,4,1,1,1,0,3,2,3,461198.6666666667,717305.0
4,143,3,3,1,MAS DE 20 ANOS,APARTAMENTO,VENTA,4.670579477739786,-74.06132655680118,BARRIOS UNIDOS,POLO CLUB - BRASILIA,615000000.0,NaN,500000.0,,0,0,0,0,0,0,0,0,0,0,0,1,2,0,0,1,5,11,5,1,9,2,0,5,16,45,37,3,15,12,1,20,82,280,309,17,27,61,1,76,239,929,850,59,64,255,17,1948551.5,2431828.6666666665
3,43,2,1,0,ENTRE 0 Y 5 ANOS,APARTAMENTO,VENTA,4.597956033228301,-74.16014814352312,BOSA,VILLA DEL RIO II SECTOR,175400000.0,NaN,120000.0,,0,0,0,0,0,0,0,0,0,0,0,0,0,0,0,0,0,3,2,0,0,0,0,1,1,9,7,0,1,4,0,6,4,37,24,0,7,8,0,36,32,162,85,0,21,37,3,1166868.142857143,1523925.4285714286
4,89,3,2,1,MAS DE 20 ANOS,APARTAMENTO,VENTA,4.731568244823768,-74.05161445083718,SUBA,LA VICTORIA NORTE,344700000.0,NaN,350000.0,,0,0,0,1,0,0,0,1,1,3,7,0,0,1,0,3,6,13,20,0,2,1,0,7,14,25,32,0,4,2,0,16,52,107,85,0,9,20,0,50,184,623,366,1,94,132,1,2484714.1666666665,3522658.6666666665
4,58,3,2,1,ENTRE 10 Y 20 ANOS,APARTAMENTO,VENTA,4.741003091166027,-74.05900677403149,SUBA,URB. CARIMAGUA I,317860000.0,NaN,250000.0,,0,0,0,1,0,0,0,0,0,0,0,0,2,0,0,1,4,17,8,0,11,3,0,1,10,29,12,0,23,7,0,4,30,100,52,0,52,20,0,50,127,435,268,2,144,95,1,1990402.25,3049627.25
2,42,3,1,0,ENTRE 5 Y 10 ANOS,APARTAMENTO,VENTA,4.55840535536293,-74.1102048432643,RAFAEL URIBE URIBE,URB. HACIENDA LOS MOLINOS,139360000.0,NaN,88000.0,,0,0,0,1,0,0,0,0,0,0,0,0,0,0,0,2,2,3,0,0,0,1,0,4,4,9,0,0,1,2,0,13,8,17,1,0,8,5,0,74,33,143,59,1,32,31,0,868283.8333333334,1345485.1666666667
3,39,1,1,0,MAS DE 20 ANOS,APARTAMENTO,VENTA,4.7233541490713575,-74.05515141378746,SUBA,SAN JOSE DEL PRADO,192000000.0,NaN,224000.0,,0,0,0,0,0,0,0,0,0,0,0,0,0,0,0,4,10,23,20,0,0,1,0,5,20,66,51,0,0,2,0,15,39,204,114,0,7,11,0,45,159,521,347,0,48,90,1,1796832.375,2530043.625
4,89,3,2,1,ENTRE 10 Y 20 ANOS,APARTAMENTO,VENTA,4.659009548740796,-74.11952905546224,FONTIBON,LA ESPERANZA_,550000000.0,NaN,330000.0,,0,0,0,1,0,0,0,0,0,0,0,0,0,0,0,0,0,6,1,0,1,0,0,0,0,6,1,0,2,0,0,10,29,85,71,0,11,22,0,30,74,251,226,18,32,100,4,1672322.5,2369750.25
2,52,3,2,0,ENTRE 10 Y 20 ANOS,APARTAMENTO,VENTA,4.616298181698552,-74.18606068688307,BOSA,S C LA PAZ BOSA,158690000.0,NaN,NaN,,0,0,0,1,0,0,0,0,0,0,0,0,1,0,0,1,0,0,0,0,1,1,0,2,0,3,0,0,1,4,1,15,2,21,2,0,7,8,1,63,31,195,58,0,34,43,1,742280.8,1049055.8
3,63,2,2,1,ENTRE 0 Y 5 ANOS,APARTAMENTO,VENTA,4.613375534377133,-74.13161160685718,KENNEDY,SANTA ROSA DEL CARVAJAL,353800000.0,NaN,329000.0,,0,0,0,1,0,0,0,0,1,4,3,0,1,2,0,0,2,12,12,0,2,2,0,0,11,37,43,1,3,8,0,9,31,143,132,4,10,32,0,69,139,555,344,5,31,95,2,1645411.5,2419806.25
2,42,2,1,0,ENTRE 10 Y 20 ANOS,APARTAMENTO,VENTA,4.643038,-74.18993189999999,BOSA,S.C PARCELA EL PORVENIR,117000000.0,NaN,90000.0,,0,0,0,1,0,0,0,0,0,0,0,0,0,0,0,0,0,2,0,0,1,1,0,4,1,2,0,0,2,2,0,11,2,20,7,0,8,9,0,36,11,57,25,0,19,15,0,764528.2,1120584.0
3,42,2,1,0,ENTRE 0 Y 5 ANOS,APARTAMENTO,VENTA,4.597956033228301,-74.16014814352312,BOSA,VILLA DEL RIO II SECTOR,195350000.0,NaN,117000.0,,0,0,0,1,0,1,0,0,0,0,0,0,0,0,0,0,0,3,2,0,0,0,0,1,1,9,7,0,1,4,0,6,4,37,24,0,7,8,0,36,32,162,85,0,21,37,3,1166868.142857143,1523925.4285714286
2,45,2,1,0,ENTRE 10 Y 20 ANOS,APARTAMENTO,VENTA,4.625974191229276,-74.20445315736167,BOSA,LA PRADERA EL VOLCAN,128100000.0,NaN,54000.0,,0,0,0,1,0,0,0,0,0,0,0,0,0,0,0,1,0,2,2,0,1,0,0,3,0,2,2,0,3,0,0,11,1,12,4,0,5,4,0,43,13,87,24,1,26,16,1,0.0,0.0
2,36,2,1,0,ENTRE 10 Y 20 ANOS,APARTAMENTO,VENTA,4.638569299999999,-74.1857734,BOSA,S.C PARCELA EL PORVENIR,118500000.0,NaN,50000.0,,0,0,0,1,0,0,0,0,0,2,3,0,1,1,0,2,1,5,6,0,5,5,0,7,2,12,7,0,6,5,0,13,4,24,11,0,10,10,0,44,17,103,36,0,23,20,0,692713.2,951895.6
4,69,3,2,1,MAS DE 20 ANOS,APARTAMENTO,VENTA,4.742106564855095,-74.0821760366323,SUBA,S.C. SUBA URBANO,270000000.0,NaN,370000.0,,0,0,0,0,0,0,0,0,0,0,0,0,0,0,0,1,0,0,0,0,1,0,0,4,3,7,3,0,1,6,0,16,9,41,15,1,2,17,0,52,41,161,79,1,27,73,1,386453.5,444281.0
1,57,3,1,0,ENTRE 5 Y 10 ANOS,APARTAMENTO,VENTA,4.634299251352016,-74.17689609402005,KENNEDY,LAS MARGARITAS OCCIDENTAL,170500000.0,NaN,150000.0,,0,0,0,0,0,0,0,0,0,0,0,0,0,0,0,1,0,0,0,0,1,0,0,4,4,21,7,0,1,1,0,13,7,54,20,0,8,5,0,50,44,174,58,1,32,36,0,1011805.75,1508831.75
2,40,2,1,0,ENTRE 10 Y 20 ANOS,APARTAMENTO,VENTA,4.598348095950164,-74.1413386380256,KENNEDY,RINCON DE SAN ANDRES,231800000.0,NaN,110000.0,,0,0,0,1,0,0,0,0,0,0,0,0,0,0,0,1,3,5,8,0,0,1,0,1,5,14,12,0,0,3,0,13,35,225,87,0,3,27,1,51,100,506,252,4,24,88,3,946783.4,1215676.0
3,45,2,1,0,ENTRE 5 Y 10 ANOS,APARTAMENTO,VENTA,4.5825241532754974,-74.08107679437866,SAN CRISTOBAL,EL ALTO DE LAS BRISAS,181333333.0,NaN,112000.0,,0,0,0,1,0,0,0,0,0,0,0,0,0,0,0,1,1,0,2,0,1,0,0,4,1,2,3,0,3,0,0,13,15,40,26,0,13,8,1,89,83,257,225,31,30,50,35,978775.8,1508014.8
2,68,4,2,0,MAS DE 20 ANOS,CASA CON CONJUNTO CERRADO,VENTA,4.6499540854804255,-74.15995879855988,KENNEDY,TINTALA,213696256.0,NaN,125000.0,,0,0,0,0,0,0,0,0,0,0,0,0,0,0,0,1,0,0,0,0,0,0,0,1,0,2,0,0,2,0,0,10,2,8,6,0,7,2,0,25,36,102,40,1,16,17,0,867358.25,1292678.0
3,44,2,1,0,ENTRE 5 Y 10 ANOS,APARTAMENTO,VENTA,4.6353072,-74.1909903,BOSA,S.C. EL CORZO,127069414.0,NaN,79000.0,,0,0,0,1,0,0,0,0,0,2,0,0,0,1,0,0,0,6,1,0,2,1,0,5,1,11,2,0,3,3,0,20,5,30,9,0,13,10,0,45,15,89,33,0,23,20,0,1051023.5555555555,1572274.2222222222
3,70,3,2,1,ENTRE 0 Y 5 ANOS,APARTAMENTO,VENTA,4.640112107181392,-74.06977874786362,TEUSAQUILLO,BANCO CENTRAL,527400000.0,NaN,624000.0,,0,0,0,1,0,1,0,1,3,27,10,0,0,3,0,3,12,123,47,5,0,8,0,8,30,229,156,8,3,27,0,40,149,624,627,41,10,119,5,141,302,1178,1441,107,51,307,26,1976316.8,2456534.6
3,29,1,1,0,ENTRE 0 Y 5 ANOS,APARTAMENTO,VENTA,4.6445082,-74.0637242,CHAPINERO,S.C. CHAPINERO CENTRAL,198411512.0,NaN,150000.0,,0,0,0,1,0,0,0,0,0,29,13,1,0,3,0,3,18,151,94,6,1,18,0,8,29,241,187,15,2,34,1,35,108,591,502,50,7,114,2,125,288,1180,1376,96,35,288,18,2676236.0,3478750.2
4,78,3,2,1,ENTRE 10 Y 20 ANOS,APARTAMENTO,VENTA,4.661843053804604,-74.13638877790626,FONTIBON,URB. PRADO GRANDE,398000000.0,NaN,295200.0,,0,0,0,1,0,0,0,0,0,0,0,0,0,1,0,0,0,0,0,0,0,2,0,0,1,0,0,0,3,3,0,2,10,38,20,3,7,19,0,37,57,220,126,12,24,70,3,1130916.5,1310880.5
2,45,2,1,0,ENTRE 10 Y 20 ANOS,APARTAMENTO,VENTA,4.6435312,-74.1883641,BOSA,S.C PARCELA EL PORVENIR,131500000.0,NaN,68800.0,,0,0,0,1,0,0,0,0,0,0,0,0,0,0,0,1,0,0,0,0,0,1,0,2,0,2,0,0,1,1,0,7,2,18,7,0,9,9,0,32,10,64,25,0,20,17,0,674562.5,991232.75
4,95,3,2,1,MAS DE 20 ANOS,APARTAMENTO,VENTA,4.72341664961499,-74.07411895744323,SUBA,S.C. CIUDAD JARDIN NORTE,508067531.0,NaN,576000.0,,0,0,0,1,0,0,0,0,0,0,0,0,0,0,0,1,0,1,4,0,1,1,0,1,2,22,9,0,2,3,0,8,23,115,55,0,7,18,0,38,88,371,175,1,18,66,1,3144377.0,3984895.3333333335
2,47,2,1,0,MAS DE 20 ANOS,APARTAMENTO,VENTA,4.706130011336,-74.137060024839,ENGATIVA,S.C. VILLA GLADYS,141000000.0,NaN,80000.0,,0,0,0,1,0,0,0,0,0,1,0,0,0,0,0,1,0,1,1,0,1,1,0,2,4,19,9,0,1,2,0,6,23,121,57,1,10,20,0,26,86,403,161,4,31,57,1,841431.0,1137764.2
4,60,2,2,1,ENTRE 10 Y 20 ANOS,APARTAMENTO,VENTA,4.719840789474112,-74.03549026069881,USAQUEN,CEDRITOS,457150148.0,NaN,300000.0,,0,0,0,1,0,0,0,0,2,5,1,0,0,3,0,0,5,21,11,0,2,7,0,2,12,37,33,1,2,16,1,7,31,115,84,1,17,54,1,35,117,342,214,7,65,121,4,2356275.25,3190641.0
3,47,3,1,0,ENTRE 5 Y 10 ANOS,APARTAMENTO,VENTA,4.5947232,-74.1695062,CIUDAD BOLIVAR,S.C. GALICIA,175378977.0,NaN,75000.0,,0,0,0,1,0,0,0,0,0,0,0,0,0,0,0,1,0,1,0,0,0,3,0,2,1,5,4,0,1,4,0,10,4,19,6,0,7,8,1,36,14,102,38,0,19,31,2,1060311.6666666667,1496502.0
3,63,3,2,0,MAS DE 20 ANOS,APARTAMENTO,VENTA,4.668839921922773,-74.13556329008078,FONTIBON,URB. CAPELLANIA,255000000.0,NaN,188700.0,,0,0,0,0,0,0,0,0,0,0,0,0,0,0,0,0,0,1,0,0,1,0,0,1,4,3,2,0,3,2,0,7,15,41,24,5,8,24,0,47,60,234,151,16,33,85,2,1757236.75,2707871.5
3,67,3,2,1,ENTRE 10 Y 20 ANOS,APARTAMENTO,VENTA,4.638428609729797,-74.1527894743062,KENNEDY,CIUDAD TECHO II,302900000.0,NaN,220000.0,,1,0,0,1,0,0,0,0,0,0,0,0,1,0,0,0,0,6,1,0,3,0,0,1,0,9,2,0,3,0,0,8,10,50,21,0,7,5,4,41,56,155,83,1,31,39,5,1901366.0,3021030.5
2,51,3,2,0,ENTRE 5 Y 10 ANOS,APARTAMENTO,VENTA,4.6215775751711465,-74.19511417447814,BOSA,S.C. LA INDEPENDENCIA,177273836.0,NaN,100000.0,,0,0,0,1,0,0,0,0,0,0,0,0,0,0,0,0,1,2,0,0,1,1,0,0,1,4,0,0,1,1,0,16,4,21,6,0,6,4,0,64,20,143,44,0,37,24,1,774741.0,1088209.7272727273
2,46,2,1,0,ENTRE 10 Y 20 ANOS,APARTAMENTO,VENTA,4.644412554659162,-74.19302505258351,BOSA,S.C. EL CORZO,128878282.0,NaN,57000.0,,0,0,0,1,0,0,0,0,0,0,0,0,0,0,0,1,0,2,0,0,0,1,0,1,0,4,0,0,1,2,0,8,1,13,2,0,6,5,0,30,6,37,15,0,17,13,0,1021194.125,1556103.875
2,48,2,1,0,ENTRE 10 Y 20 ANOS,APARTAMENTO,VENTA,4.534192983740102,-74.11413361362598,USME,S.C. PORVENIR,144000000.0,NaN,78000.0,,0,0,0,1,0,0,0,0,0,0,0,0,0,0,0,1,0,0,0,0,0,0,0,6,0,1,0,0,0,2,0,7,0,3,0,0,1,2,0,26,2,16,1,0,17,5,0,479500.3,736476.3
6,70,2,2,2,ENTRE 10 Y 20 ANOS,APARTAMENTO,VENTA,4.684028003646979,-74.05561198841855,CHAPINERO,S.C. CHICO NORTE III SECTOR,540000000.0,NaN,756000.0,,0,0,0,1,0,0,0,1,0,0,0,0,0,1,0,2,12,10,5,4,0,7,1,3,29,15,26,9,2,13,1,9,84,105,129,19,10,64,2,32,231,665,662,52,63,234,10,4195257.333333333,5302408.666666667
2,41,3,1,0,ENTRE 10 Y 20 ANOS,APARTAMENTO,VENTA,4.6286427063868265,-74.20362539876609,BOSA,NUEVO RECREO,123320404.0,NaN,70000.0,,0,0,0,1,0,0,0,0,0,0,0,0,0,0,0,2,0,4,3,0,1,0,0,4,0,4,3,0,2,0,0,13,2,13,3,0,3,2,0,44,13,64,17,0,21,12,0,0.0,0.0
3,48,1,2,0,ENTRE 0 Y 5 ANOS,APARTAMENTO,VENTA,4.608313816763989,-74.08144820696496,LOS MARTIRES,SAN VICTORINO,286700000.0,NaN,200000.0,,0,0,0,1,0,0,0,0,1,0,0,0,0,0,0,1,2,7,1,0,0,0,0,4,6,48,11,1,0,2,1,11,31,268,97,9,1,39,6,99,109,760,872,118,37,189,66,1065968.75,1256681.0
3,47,2,1,0,ENTRE 5 Y 10 ANOS,APARTAMENTO,VENTA,4.595785264216776,-74.17213377863463,CIUDAD BOLIVAR,LA ESTANCIA,179400000.0,NaN,120000.0,,0,0,0,1,0,0,0,0,0,0,0,0,1,0,0,0,0,0,0,0,1,0,0,0,2,9,4,0,2,3,1,7,2,13,7,0,6,9,1,34,14,97,34,0,19,35,2,775530.5714285715,1053293.2857142857
3,46,3,1,0,MAS DE 20 ANOS,CASA CON CONJUNTO CERRADO,VENTA,4.752912113157636,-74.0622976204725,SUBA,PORTALES DEL NORTE URB. SAN PEDRO,228233782.0,NaN,180000.0,,0,0,0,1,0,0,0,0,0,0,0,0,5,0,0,1,6,26,6,0,18,6,0,6,10,47,16,0,29,11,0,22,28,112,61,1,73,23,0,62,61,299,142,2,146,62,0,1577273.25,2291482.0
2,49,2,2,0,ENTRE 10 Y 20 ANOS,APARTAMENTO,VENTA,4.630347,-74.1761052,KENNEDY,LAS MARGARITAS,161119968.0,NaN,80000.0,,0,0,0,1,0,0,0,0,0,2,0,0,0,0,0,6,3,31,12,0,0,3,0,7,4,39,17,0,1,4,0,15,13,72,26,0,9,8,0,50,46,178,54,1,29,39,0,1494677.75,2398403.5
2,58,3,2,0,MAS DE 20 ANOS,CASA CON CONJUNTO CERRADO,VENTA,4.644455537846556,-74.16461143180486,KENNEDY,CALANDAIMA - LOS PANTANOS,175143182.0,NaN,80000.0,,0,0,0,1,0,0,0,0,0,0,0,0,0,0,0,1,0,0,2,0,0,0,0,5,1,2,3,0,1,0,0,16,20,48,13,1,5,9,0,25,33,110,34,1,19,18,0,1097150.1666666667,1604589.0833333333
2,47,3,1,0,ENTRE 5 Y 10 ANOS,APARTAMENTO,VENTA,4.6157111,-74.18077679999999,BOSA,S.C. GRAN BRITALIA,160000000.0,NaN,108000.0,,0,0,0,1,0,0,0,0,0,0,0,0,0,0,0,0,0,3,0,0,1,1,0,5,0,3,0,0,2,1,0,12,7,38,6,0,9,11,1,54,33,177,54,0,29,44,1,889668.25,1317004.6666666667
2,47,2,1,0,ENTRE 5 Y 10 ANOS,APARTAMENTO,VENTA,4.620631807066451,-74.21241656885468,BOSA,S.C. SAN BERNARDINO XXII,125254500.0,NaN,59000.0,,0,0,0,1,0,0,0,0,0,0,0,0,0,0,0,0,0,0,0,0,0,0,0,1,0,0,0,0,0,1,0,9,4,21,3,0,4,2,0,37,14,114,27,1,53,21,3,0.0,0.0
2,62,2,1,0,ENTRE 10 Y 20 ANOS,CASA CON CONJUNTO CERRADO,VENTA,4.651289708176394,-74.15244979187172,KENNEDY,S.C. TINTALA,187096698.0,NaN,75000.0,,0,0,0,0,0,0,0,0,1,0,0,0,0,0,0,0,1,1,0,0,1,0,0,0,2,1,0,0,1,0,0,6,3,12,6,0,4,1,0,26,29,104,58,0,19,18,0,1857964.0,3025792.0
4,68,2,2,1,ENTRE 10 Y 20 ANOS,APARTAMENTO,VENTA,4.704949230711482,-74.02625577829356,USAQUEN,SAN,459200000.0,NaN,566000.0,,0,0,0,1,0,1,0,0,0,0,0,0,0,0,0,1,1,8,2,0,0,1,0,2,2,16,2,1,0,2,0,7,19,41,17,4,2,11,0,22,55,152,155,14,36,75,2,2308041.2,3093942.6
3,65,3,2,1,MAS DE 20 ANOS,APARTAMENTO,VENTA,4.707816340478762,-74.09575774906662,ENGATIVA,S.C. PARIS GAITAN,234000000.0,NaN,131160.0,,0,0,0,1,0,0,0,2,0,1,0,0,0,0,0,3,9,26,12,0,0,7,0,6,16,57,30,0,2,10,0,16,59,213,85,0,4,34,0,57,172,666,288,1,41,104,2,1446135.857142857,2102028.714285714
4,67,3,2,1,ENTRE 10 Y 20 ANOS,APARTAMENTO,VENTA,4.6661248984598,-74.13739322387094,FONTIBON,URB. PRADO GRANDE,335000000.0,NaN,374500.0,,0,0,0,1,0,0,0,0,0,0,0,0,1,0,0,0,0,0,0,0,1,0,0,0,5,9,3,1,4,2,0,4,10,20,14,7,7,20,0,45,58,215,118,14,29,77,2,1209265.6666666667,1412239.0
2,52,2,1,0,ENTRE 10 Y 20 ANOS,CASA CON CONJUNTO CERRADO,VENTA,4.679617314955713,-74.17027328702402,FONTIBON,S.C. EL CHARCO (RURAL),147430500.0,NaN,NaN,,0,0,0,1,0,0,0,0,0,0,0,0,0,0,0,0,0,1,2,0,1,0,0,0,0,2,2,0,1,1,0,0,0,8,2,0,1,1,1,6,2,20,7,3,7,12,1,1813922.5,2545982.5
3,72,2,2,1,ENTRE 0 Y 5 ANOS,APARTAMENTO,VENTA,4.5836366389746,-74.1552297123324,CIUDAD BOLIVAR,S.C. ATLANTA,322632812.0,NaN,NaN,,0,0,0,1,0,0,0,0,0,0,0,0,0,0,0,0,0,1,1,0,1,2,0,2,0,2,1,0,3,3,0,10,1,13,3,0,9,5,0,47,22,144,54,0,31,26,3,958703.0,1168309.6666666667
5,91,2,2,1,ENTRE 0 Y 5 ANOS,APARTAMENTO,VENTA,4.705842776939182,-74.05731902896638,SUBA,EL BATAN,499950000.0,NaN,291500.0,,0,0,0,1,0,0,0,0,0,1,0,0,0,0,0,0,2,3,7,0,1,2,0,1,5,10,13,0,2,4,0,4,30,64,61,0,7,16,0,32,149,475,313,12,48,109,3,3354535.3333333335,4335284.166666667
2,43,2,1,0,ENTRE 10 Y 20 ANOS,APARTAMENTO,VENTA,4.651838225708955,-74.16917740570511,KENNEDY,TIERRA BUENA RESERVADO II,145603000.0,NaN,80000.0,,1,0,0,1,0,0,0,0,0,0,0,0,0,0,0,0,0,1,0,0,0,0,0,0,0,2,0,0,2,0,0,3,0,13,6,0,6,3,0,22,23,66,17,1,15,12,0,1248589.0,1981035.3333333333
3,52,3,1,0,MAS DE 20 ANOS,APARTAMENTO,VENTA,4.611830489933991,-74.16009185460145,KENNEDY,LAGOS DE TIMIZA II,195000000.0,NaN,65000.0,,0,0,0,1,0,0,0,0,0,0,0,0,0,0,0,0,2,15,11,0,1,0,0,4,8,29,19,0,2,3,0,14,18,48,28,0,5,11,1,46,55,209,93,0,20,55,4,1044409.5,1439121.0
4,91,3,2,2,MAS DE 20 ANOS,APARTAMENTO,VENTA,4.7212150584356,-74.0292561555015,USAQUEN,LAS_ACACIAS,457750000.0,NaN,683000.0,,1,0,0,1,0,0,0,0,0,0,0,0,0,3,0,0,0,1,1,0,1,8,0,0,6,27,15,0,3,16,0,5,22,86,50,1,12,43,3,30,102,325,181,2,53,116,4,2537086.4285714286,3184766.4285714286
2,39,2,1,0,MAS DE 20 ANOS,APARTAMENTO,VENTA,4.561871373631101,-74.11590994177136,RAFAEL URIBE URIBE,LA PROVIDENCIA MEDIA,113836249.0,NaN,NaN,,0,0,0,1,0,0,0,0,0,0,0,0,0,0,0,2,0,2,0,0,0,0,0,3,0,6,0,0,1,0,0,17,11,47,9,1,6,9,0,65,48,165,56,2,24,35,3,645625.6,966305.5
3,47,3,1,0,ENTRE 5 Y 10 ANOS,APARTAMENTO,VENTA,4.755332467724627,-74.08818623703633,SUBA,S.C. TUNA BAJA,191709692.0,NaN,127000.0,,0,0,0,1,0,0,0,0,0,0,0,0,0,1,0,4,0,0,1,0,0,2,0,6,2,19,2,0,1,4,0,26,7,42,15,0,5,18,0,53,36,141,76,1,21,82,1,997913.6666666666,1464536.5555555555
2,45,2,1,0,ENTRE 5 Y 10 ANOS,APARTAMENTO,VENTA,4.6191624,-74.1812906,BOSA,S.C. EL DANUBIO AZUL,136400000.0,NaN,77000.0,,0,0,0,1,0,0,0,0,0,0,0,0,0,0,0,1,0,1,0,0,1,1,0,2,1,1,0,0,2,1,0,13,5,30,4,0,8,7,1,58,31,172,47,0,31,39,1,1066790.2142857143,1547859.2857142857
3,72,3,2,1,ENTRE 5 Y 10 ANOS,APARTAMENTO,VENTA,4.613375534377133,-74.13161160685718,KENNEDY,SANTA ROSA DEL CARVAJAL,401100000.0,NaN,365000.0,,0,0,0,1,0,0,0,0,1,4,3,0,1,2,0,0,2,12,12,0,2,2,0,0,11,37,43,1,3,8,0,9,31,143,132,4,10,32,0,69,139,555,344,5,31,95,2,1645411.5,2419806.25
4,100,4,3,2,MAS DE 20 ANOS,APARTAMENTO,VENTA,4.7377617486500565,-74.03440564007461,USAQUEN,VILLAS DEL MEDITERRANEO,365000000.0,NaN,351000.0,,1,0,0,1,0,0,0,0,0,0,0,0,1,0,0,0,1,1,0,0,1,2,0,0,9,26,17,0,4,8,0,14,58,206,94,0,16,55,0,58,153,551,296,2,57,158,2,1638727.5,2153165.0
2,42,2,1,0,MAS DE 20 ANOS,APARTAMENTO,VENTA,4.631986456417543,-74.1696351935806,KENNEDY,DINDALITO I ETAPA,159900000.0,NaN,78880.0,,0,0,0,1,0,0,0,0,0,2,0,0,0,0,0,0,0,4,0,0,1,1,0,0,1,6,2,0,2,3,0,12,23,75,24,1,5,13,0,49,57,198,74,1,31,41,1,2522507.8571428573,3646032.8571428573
3,82,3,2,1,MAS DE 20 ANOS,CASA CON CONJUNTO CERRADO,VENTA,4.729182124425923,-74.11980132205727,ENGATIVA,EL_CORTIJO,373420000.0,NaN,218000.0,,0,0,0,0,0,0,0,0,0,0,0,0,0,0,0,0,0,0,0,0,1,0,0,0,1,2,3,0,5,1,0,0,3,18,9,0,11,7,0,23,61,270,120,0,57,54,0,1860611.0,2790345.6666666665
3,52,2,1,0,ENTRE 0 Y 5 ANOS,APARTAMENTO,VENTA,4.608313816763989,-74.08144820696496,LOS MARTIRES,SAN VICTORINO,313400000.0,NaN,180000.0,,0,0,0,1,0,0,0,0,1,0,0,0,0,0,0,1,2,7,1,0,0,0,0,4,6,48,11,1,0,2,1,11,31,268,97,9,1,39,6,99,109,760,872,118,37,189,66,1065968.75,1256681.0
2,46,2,1,0,ENTRE 10 Y 20 ANOS,APARTAMENTO,VENTA,4.650031179588523,-74.16767435617659,KENNEDY,CALANDAIMA - LOS PANTANOS,129000000.0,NaN,84000.0,,0,0,0,1,0,0,0,0,0,0,0,0,0,0,0,0,0,1,0,0,0,0,0,2,0,2,0,0,1,1,0,4,1,15,6,0,6,3,0,24,31,85,29,1,16,15,0,1337074.3333333333,2111371.3333333335
2,40,2,1,0,ENTRE 10 Y 20 ANOS,CASA CON CONJUNTO CERRADO,VENTA,4.602694645088682,-74.20201953370311,BOSA,URB. JUPITER,117600000.0,NaN,52000.0,,0,0,0,1,0,0,0,0,0,0,0,0,0,0,0,1,0,1,0,0,1,0,0,2,0,17,1,0,2,1,0,12,1,72,16,0,13,6,0,51,26,238,51,2,76,35,1,588414.3333333334,904541.6666666666
3,89,3,2,0,ENTRE 10 Y 20 ANOS,APARTAMENTO,VENTA,4.744044963367216,-74.03112375125511,USAQUEN,SANTA TERESA,340601891.0,NaN,300000.0,,0,0,0,1,0,0,0,0,0,3,1,0,0,0,0,1,7,18,2,0,3,4,0,4,18,72,32,0,6,10,0,20,46,174,75,1,18,34,0,56,114,437,202,1,49,125,0,1725287.0,2672409.6666666665
3,51,3,2,0,ENTRE 10 Y 20 ANOS,APARTAMENTO,VENTA,4.638677491640039,-74.15654389376262,KENNEDY,MARIA PAZ,165000000.0,NaN,90000.0,,0,0,0,1,0,0,0,0,1,4,1,0,0,0,0,0,4,16,7,0,0,1,0,3,6,22,8,0,2,3,0,14,23,64,21,1,6,8,0,40,56,158,68,1,29,35,5,1027935.2307692308,1272113.076923077
3,78,3,2,1,ENTRE 5 Y 10 ANOS,APARTAMENTO,VENTA,4.6522283645325,-74.15516201668143,KENNEDY,S.C. TINTALA,318055647.0,NaN,246000.0,,1,0,0,1,0,1,0,0,0,0,0,0,0,0,0,0,0,0,0,0,0,0,0,1,1,2,0,0,0,0,0,5,2,6,4,0,5,1,0,23,28,92,47,1,21,14,0,1191156.5,1820830.5
2,42,3,1,0,ENTRE 10 Y 20 ANOS,APARTAMENTO,VENTA,4.6286427063868265,-74.20362539876609,BOSA,NUEVO RECREO,116501679.0,NaN,63000.0,,0,0,0,1,0,0,0,0,0,0,0,0,0,0,0,2,0,4,3,0,1,0,0,4,0,4,3,0,2,0,0,13,2,13,3,0,3,2,0,44,13,64,17,0,21,12,0,0.0,0.0
3,73,3,2,1,ENTRE 10 Y 20 ANOS,APARTAMENTO,VENTA,4.758119905496352,-74.03397656905331,USAQUEN,VILLAS DE ANDALUCIA,300000000.0,NaN,227158.0,,0,0,0,1,0,0,0,0,0,2,0,0,1,0,0,0,0,3,0,0,1,1,0,0,1,10,1,0,4,2,0,18,12,66,37,0,26,12,0,53,64,369,171,1,75,79,1,1556224.5,2209552.5
4,79,3,3,1,MAS DE 20 ANOS,APARTAMENTO,VENTA,4.739161185495451,-74.04220176379522,USAQUEN,JARDINES DE ORIENTE,345319214.0,NaN,349000.0,,0,0,0,1,0,0,0,0,1,0,1,0,0,1,0,1,11,21,15,0,0,10,0,5,17,62,30,0,0,23,0,16,50,165,89,0,14,58,0,70,181,631,341,1,102,152,0,2249178.1666666665,3010639.1666666665
3,57,3,1,0,MAS DE 20 ANOS,APARTAMENTO,VENTA,4.734573033617531,-74.0878121425446,SUBA,VILLA CATALINA,187714252.0,NaN,116000.0,,0,0,0,1,0,0,0,1,1,8,2,0,1,5,0,6,3,21,5,0,3,9,0,6,12,42,15,0,3,17,0,21,18,72,23,0,7,39,0,57,67,280,131,1,29,104,2,1299945.7142857143,1900232.9285714286
2,39,3,1,0,ENTRE 10 Y 20 ANOS,APARTAMENTO,VENTA,4.634332699999999,-74.1926821,BOSA,EL ANHELO,123200000.0,NaN,75000.0,,0,0,0,1,0,0,0,0,0,0,0,0,0,0,0,0,0,4,0,0,3,1,0,2,1,9,1,0,4,3,0,19,5,28,7,0,12,8,0,44,15,90,34,0,22,20,0,1143081.4615384615,1777284.7692307692
2,58,3,2,0,MAS DE 20 ANOS,APARTAMENTO,VENTA,4.597568769991178,-74.16386015729684,BOSA,URB. GECOLSA,236051471.0,NaN,141700.0,,0,0,0,1,0,0,0,0,0,0,0,0,1,0,0,0,0,1,0,0,2,0,0,1,0,4,2,0,3,2,0,7,1,21,12,0,6,9,0,37,21,130,67,0,21,34,2,1402845.0,1972191.0
4,40,2,1,0,ENTRE 0 Y 5 ANOS,APARTAMENTO,VENTA,4.758338243638328,-74.05206701964339,SUBA,URB. PLAZA BAVIERA,215000000.0,NaN,170000.0,,0,0,0,0,0,0,0,0,0,0,0,0,0,0,0,3,1,7,8,0,2,2,0,8,6,42,22,1,5,9,0,28,14,118,61,1,56,28,0,71,74,396,209,1,162,86,0,1332894.0,1554958.6
3,83,3,2,1,ENTRE 10 Y 20 ANOS,CASA CON CONJUNTO CERRADO,VENTA,4.752804695601266,-74.09746423629434,SUBA,URB. LAS FLORES,332000000.0,NaN,251000.0,,0,0,0,1,0,1,0,0,1,0,3,0,0,2,0,0,2,1,5,0,2,9,0,4,9,45,32,0,6,28,0,16,25,91,65,0,9,47,1,55,49,227,89,0,31,132,1,1280859.6666666667,1947375.6666666667
3,64,3,1,0,MAS DE 20 ANOS,APARTAMENTO,VENTA,4.715253585948866,-74.11370087781687,ENGATIVA,BOLIVIA ORIENTAL,247000000.0,NaN,211000.0,,0,0,0,0,0,0,0,0,1,0,0,0,0,0,0,1,2,3,0,0,3,0,0,1,6,21,8,0,9,2,0,13,26,148,55,0,35,21,1,45,171,741,301,0,86,101,1,2035977.3333333333,3135174.3333333335
2,62,3,2,0,ENTRE 10 Y 20 ANOS,CASA CON CONJUNTO CERRADO,VENTA,4.656142445773744,-74.15771960650319,KENNEDY,S.C. OSORIO II - LA MAGDALENA CIUDAD TINTAL,196000000.0,NaN,78000.0,,0,0,0,1,0,0,0,0,0,0,0,0,0,0,0,1,0,0,0,0,0,0,0,1,0,2,0,0,1,0,0,2,1,2,0,0,2,0,0,16,11,34,13,0,18,11,0,0.0,0.0
3,64,3,2,1,MAS DE 20 ANOS,APARTAMENTO,VENTA,4.676314341418661,-74.10224090130123,ENGATIVA,LOS ALMENDROS II,270700000.0,NaN,341600.0,,0,0,0,1,0,0,0,0,0,0,0,0,0,0,0,2,2,11,4,0,0,1,0,4,8,33,16,0,3,4,0,11,72,249,184,1,11,35,2,47,180,623,390,24,68,121,12,1673171.5714285714,2451299.0
3,40,3,1,0,ENTRE 0 Y 5 ANOS,APARTAMENTO,VENTA,4.684151343733814,-74.15092199818092,FONTIBON,BATAVIA,170000000.0,NaN,115000.0,,0,0,0,1,0,0,0,0,0,1,0,0,0,0,0,2,1,5,0,0,1,3,0,2,2,13,3,3,2,8,0,14,5,38,9,3,8,17,0,34,22,124,49,15,21,62,4,784313.125,1049122.0
2,42,2,1,0,ENTRE 10 Y 20 ANOS,APARTAMENTO,VENTA,4.643100346539691,-74.19550552147682,BOSA,S.C. EL CORZO,131533500.0,NaN,79000.0,,0,0,0,1,0,0,0,0,0,0,0,0,0,0,0,1,0,1,0,0,0,0,0,3,0,1,0,0,0,1,0,7,1,7,0,0,5,3,0,31,6,37,11,0,16,12,0,983266.5,1481324.75
6,55,1,1,1,MAS DE 20 ANOS,APARTAMENTO,VENTA,4.682894077760433,-74.04981915138879,CHAPINERO,S.C. CHICO NORTE III SECTOR,371600000.0,NaN,611000.0,,0,0,0,1,0,1,0,0,0,3,3,0,0,1,0,0,6,15,18,1,1,6,0,0,20,33,53,9,2,20,1,10,76,120,203,27,16,92,3,27,216,600,644,55,67,224,12,4285799.166666667,5452833.833333333
3,38,2,1,0,ENTRE 5 Y 10 ANOS,APARTAMENTO,VENTA,4.594012451693298,-74.15872482692802,CIUDAD BOLIVAR,RAFAEL ESCAMILLA,175000000.0,NaN,122000.0,,0,0,0,1,0,1,0,0,0,0,0,0,0,0,0,1,0,1,2,0,1,1,0,1,0,3,3,0,2,1,0,8,4,38,22,0,9,8,0,34,31,151,70,0,22,32,2,1375514.5,2096490.0
3,63,4,2,0,ENTRE 10 Y 20 ANOS,CASA,VENTA,4.75273286440861,-74.08537019990547,SUBA,CAMPANELLA,241000000.0,NaN,144300.0,,0,0,0,1,0,0,0,0,0,0,0,0,0,1,0,5,1,4,0,0,3,3,0,11,2,21,2,0,3,6,0,27,8,43,12,0,5,14,0,51,41,169,86,1,23,93,1,1550533.3333333333,2251080.3333333335
3,50,3,1,0,ENTRE 10 Y 20 ANOS,APARTAMENTO,VENTA,4.722344019407824,-74.08476111228559,SUBA,URB. BALCON DE SUBA,151042982.0,NaN,94400.0,,0,0,0,1,0,0,0,0,0,0,0,0,0,0,0,1,0,2,2,0,0,2,0,4,1,4,2,0,0,2,0,13,15,80,33,0,2,13,0,49,90,395,175,1,21,79,1,723644.8333333334,1128615.3333333333
2,31,2,1,0,ENTRE 10 Y 20 ANOS,APARTAMENTO,VENTA,4.632878170677792,-74.17077879900344,KENNEDY,DINDALITO I ETAPA,124000000.0,NaN,88000.0,,0,0,0,1,0,0,0,0,0,0,0,0,0,0,0,0,0,3,0,0,1,1,0,1,2,11,1,0,3,2,0,14,23,83,28,1,6,14,0,48,53,196,69,1,31,37,0,1203279.0,1847038.375
3,43,2,1,0,ENTRE 10 Y 20 ANOS,APARTAMENTO,VENTA,4.5881301554309095,-74.15637424933115,CIUDAD BOLIVAR,S.C. ATLANTA,175700000.0,NaN,98000.0,,0,0,0,1,0,0,0,0,0,0,0,0,0,0,0,1,0,0,0,0,1,0,0,2,0,2,0,0,2,2,0,9,1,11,5,0,7,5,0,43,20,149,66,0,32,28,1,1424438.4,2146435.8
3,74,3,2,1,ENTRE 10 Y 20 ANOS,APARTAMENTO,VENTA,4.75698742671752,-74.0269631656838,USAQUEN,SAN ANTONIO NORTE,402800000.0,NaN,NaN,,0,0,0,1,0,0,0,0,0,1,0,0,0,1,0,1,1,8,4,0,1,2,0,1,3,17,7,0,1,3,0,16,8,58,20,0,5,9,1,49,50,241,109,1,56,44,1,2138534.0,2640491.0
4,71,2,2,1,MAS DE 20 ANOS,APARTAMENTO,VENTA,4.7186266866849245,-74.03422713130936,USAQUEN,CEDRITOS,314000000.0,NaN,390000.0,,0,0,0,1,0,0,0,0,2,7,4,0,1,3,0,1,6,19,10,0,2,7,1,2,12,36,26,0,4,19,1,8,33,106,83,1,18,50,1,35,115,325,207,9,63,116,4,2524020.0,3340446.75
5,96,3,3,1,MAS DE 20 ANOS,APARTAMENTO,VENTA,4.700410464787455,-74.05063675858979,USAQUEN,SANTA BARBARA OCCIDENTAL,572933354.0,NaN,783000.0,,1,0,0,1,0,0,0,0,0,0,0,0,0,0,0,0,5,8,22,0,0,8,0,0,8,36,37,1,4,14,0,5,51,153,100,8,10,51,0,27,155,419,298,26,54,126,3,3396439.25,4324511.5
3,62,3,2,0,ENTRE 5 Y 10 ANOS,APARTAMENTO,VENTA,4.703014684504439,-74.1079521665447,ENGATIVA,SANTA ROSITA,243767681.0,NaN,NaN,,0,0,0,1,0,1,0,0,0,0,0,0,1,1,0,3,9,39,18,0,4,7,0,7,22,90,38,0,5,11,0,18,85,288,123,0,24,42,1,75,233,919,406,2,64,138,2,1422562.7142857143,2075962.2857142857
3,46,3,1,0,MAS DE 20 ANOS,APARTAMENTO,VENTA,4.576300574441877,-74.13603014422839,TUNJUELITO,TUNAL SECTOR_II,200088143.0,NaN,135000.0,,0,0,0,1,0,0,0,0,0,0,0,0,0,0,0,2,0,0,0,0,0,0,0,4,2,3,1,0,0,0,0,18,15,57,19,0,9,6,2,62,84,386,124,1,30,60,7,1638414.1666666667,2573747.8333333335
2,47,2,2,0,ENTRE 5 Y 10 ANOS,APARTAMENTO,VENTA,4.620846453735707,-74.19707965326627,BOSA,SAN BERNARDINO SECTOR II,131500000.0,NaN,128000.0,,0,0,0,1,0,0,0,0,1,2,0,0,1,0,0,0,1,4,0,0,1,1,0,0,1,5,1,0,1,1,0,14,6,19,8,0,6,4,0,65,21,168,43,0,34,27,2,803069.5294117647,1147403.7647058824
4,84,3,2,1,ENTRE 5 Y 10 ANOS,APARTAMENTO,VENTA,4.722806349707439,-74.13018051942574,ENGATIVA,S.C. ENGATIVA EL DORADO,338000000.0,NaN,300000.0,,1,0,0,1,0,0,0,0,0,0,0,0,0,0,0,0,0,0,0,0,0,0,0,0,4,13,10,0,0,1,0,6,17,66,33,0,5,9,0,28,86,370,160,0,38,52,0,1604666.5,2209238.5
3,45,3,1,0,ENTRE 0 Y 5 ANOS,APARTAMENTO,VENTA,4.561429779085941,-74.11899551430902,RAFAEL URIBE URIBE,URB. GUIPARMA,143270000.0,NaN,85000.0,,1,0,0,1,0,0,0,0,0,0,0,0,0,0,0,1,0,1,0,0,0,0,0,3,2,26,8,0,0,0,0,22,12,60,15,1,5,14,0,64,42,147,50,2,21,31,3,502357.875,719228.25
4,67,3,2,1,MAS DE 20 ANOS,APARTAMENTO,VENTA,4.753076170492971,-74.06336399615556,SUBA,PORTALES DEL NORTE URB. SAN PEDRO,334790000.0,NaN,301100.0,,1,0,0,1,0,0,0,0,0,0,0,0,1,0,0,0,0,2,2,0,10,2,0,5,10,32,11,0,21,10,0,20,23,97,43,1,58,19,0,66,61,285,139,2,145,56,0,1321403.0,2029006.0
3,46,2,2,1,ENTRE 5 Y 10 ANOS,APARTAMENTO,VENTA,4.67572416500385,-74.14926548488582,FONTIBON,EL TAPETE,254225044.0,NaN,220000.0,,1,0,0,1,0,1,0,0,0,5,2,0,1,0,0,2,1,22,11,2,2,2,0,9,4,34,12,2,5,9,0,19,18,88,28,8,11,43,1,36,28,124,42,16,27,60,3,1491263.9,1904367.7
2,46,2,1,0,MAS DE 20 ANOS,CASA,VENTA,4.5663088057947165,-74.14237838556964,CIUDAD BOLIVAR,S.C. RONDA,120000000.0,NaN,56500.0,,0,0,0,1,0,0,0,0,0,0,0,0,0,0,0,0,0,3,0,0,1,1,0,0,1,6,0,0,2,2,0,9,9,43,11,0,2,4,0,49,44,187,62,0,23,28,2,344821.5,502280.0
3,33,1,1,0,ENTRE 0 Y 5 ANOS,APARTAMENTO,VENTA,4.5997463,-74.0881606,LOS MARTIRES,LA ESTANZUELA_,229965517.0,NaN,136000.0,,0,0,0,1,0,1,0,0,0,1,0,0,0,1,0,0,0,6,11,0,2,2,0,0,11,38,37,1,3,8,0,9,31,202,85,2,8,25,2,68,102,607,449,48,22,123,48,1745518.0,2061449.0
1,57,3,1,0,ENTRE 5 Y 10 ANOS,APARTAMENTO,VENTA,4.633284645714747,-74.17617700706849,KENNEDY,LAS MARGARITAS OCCIDENTAL,155900000.0,NaN,150000.0,,0,0,0,1,0,0,0,0,0,0,0,0,0,0,0,0,0,5,0,0,1,0,0,7,3,22,9,0,2,2,0,14,7,57,21,0,8,5,0,52,45,173,56,1,30,37,0,1203257.25,1853465.25
6,120,4,3,1,MAS DE 20 ANOS,APARTAMENTO,VENTA,4.6934863857784,-74.04396612408419,USAQUEN,SANTA BARBARA CENTRAL I Y II,529600000.0,NaN,840000.0,,0,0,0,1,0,0,0,0,2,2,2,0,0,0,0,0,8,31,17,1,0,6,0,0,12,61,32,2,1,10,0,5,35,179,116,6,9,50,0,31,175,372,418,42,43,172,4,3443413.3333333335,4276286.0
2,48,3,1,0,ENTRE 10 Y 20 ANOS,APARTAMENTO,VENTA,4.651838225708955,-74.16917740570511,KENNEDY,TIERRA BUENA RESERVADO II,130000000.0,NaN,88400.0,,0,0,0,1,0,0,0,0,0,0,0,0,0,0,0,0,0,1,0,0,0,0,0,0,0,2,0,0,2,0,0,3,0,13,6,0,6,3,0,22,23,66,17,1,15,12,0,1248589.0,1981035.3333333333
4,236,7,6,1,ENTRE 10 Y 20 ANOS,APARTAMENTO,VENTA,4.753568330406957,-74.0371749129727,USAQUEN,CANAPRO,750000000.0,NaN,803000.0,,0,0,0,1,0,0,0,0,0,0,0,0,1,0,0,1,0,0,0,0,2,0,0,4,0,0,0,0,4,1,0,18,7,37,31,0,24,12,0,67,99,513,245,1,111,120,0,842257.0,985522.0
5,36,1,1,0,ENTRE 0 Y 5 ANOS,APARTAMENTO,VENTA,4.688132129977894,-74.06047528981307,SUBA,S.C. ESTORIL,362000000.0,NaN,243885.0,,0,0,0,1,0,0,0,0,2,3,2,0,0,0,0,0,6,8,7,1,0,3,0,1,20,51,35,1,1,13,0,12,87,199,122,9,8,53,3,36,205,574,484,37,52,186,4,2511526.0,2969044.8571428573
3,42,2,2,0,ENTRE 0 Y 5 ANOS,APARTAMENTO,VENTA,4.687457285224736,-74.1537247529902,FONTIBON,ALMAGRARIO,186400000.0,NaN,130000.0,,0,0,0,1,0,0,0,0,0,0,0,0,0,0,0,1,1,8,3,1,0,1,0,2,1,8,3,1,3,2,0,6,3,23,11,5,5,11,0,27,18,121,45,9,18,59,4,722489.25,955277.5
1,43,3,1,0,ENTRE 0 Y 5 ANOS,APARTAMENTO,VENTA,4.637406481133948,-74.19048198544344,BOSA,VILLA ESMERALDA,130804645.0,NaN,60000.0,,0,0,0,1,0,0,0,0,0,0,0,0,0,0,0,2,1,9,2,0,1,1,0,7,1,12,2,0,7,1,0,17,5,30,10,0,12,10,0,46,16,93,33,0,25,18,0,1460640.4,2289849.0
2,45,3,1,0,ENTRE 5 Y 10 ANOS,APARTAMENTO,VENTA,4.613633321021693,-74.20204441456605,BOSA,S.C. LOS LAURELES,142381342.0,NaN,52000.0,,0,0,0,1,0,0,0,0,0,0,0,0,0,0,0,3,2,4,2,0,2,1,0,5,2,17,6,0,4,1,0,17,8,78,23,0,13,9,0,53,20,188,45,1,58,34,2,759059.6666666666,1270831.3333333333
4,98,3,3,1,MAS DE 20 ANOS,APARTAMENTO,VENTA,4.749231382640196,-74.03949261687664,USAQUEN,URB. LA PRADERA,420000000.0,NaN,508000.0,,0,0,0,1,0,0,0,0,0,0,0,0,0,0,0,4,1,5,0,0,1,2,0,7,2,10,8,0,2,3,0,19,18,107,53,0,14,31,0,74,120,533,268,1,119,141,0,1049702.5,1240778.0
5,86,3,2,1,MAS DE 20 ANOS,APARTAMENTO,VENTA,4.725432080717073,-74.0660680619548,SUBA,URB. ATICOS DEL NORTE,425000000.0,NaN,498000.0,,0,0,0,1,0,0,0,0,0,0,0,0,0,0,0,0,3,17,9,0,0,2,0,2,16,62,32,0,2,19,0,8,32,150,82,0,7,27,0,33,111,432,256,1,29,63,1,2325395.5,2979497.75
2,41,2,2,0,ENTRE 0 Y 5 ANOS,APARTAMENTO,VENTA,4.607378381953671,-74.08264843007679,LOS MARTIRES,SAN VICTORINO,273777778.0,NaN,180000.0,,0,0,0,1,0,0,0,0,0,3,0,0,0,1,0,1,4,27,4,0,0,1,0,2,6,72,10,1,0,2,0,11,23,265,85,5,3,38,4,93,102,737,791,115,37,170,66,1454715.8,1691379.2
3,77,4,2,0,MAS DE 20 ANOS,CASA CON CONJUNTO CERRADO,VENTA,4.721085875280071,-74.12563047465218,ENGATIVA,GRAN GRANADA,275435417.0,NaN,113269.0,,0,0,0,1,0,0,0,0,0,0,0,0,0,1,0,1,1,6,3,0,2,3,0,2,11,47,22,0,4,7,0,6,44,178,87,0,13,30,0,34,106,469,196,1,70,63,0,1819319.4285714286,2856016.4285714286
4,124,4,3,2,MAS DE 20 ANOS,APARTAMENTO,VENTA,4.716874586963756,-74.03622088852636,USAQUEN,LISBOA_,523000000.0,NaN,731000.0,,0,0,0,1,0,0,0,1,0,0,0,0,0,0,0,2,5,10,8,0,2,5,1,2,8,26,27,0,4,16,1,8,31,94,73,1,25,42,1,33,120,356,213,10,60,126,4,2870274.5714285714,3668793.285714286
3,46,3,1,0,ENTRE 10 Y 20 ANOS,APARTAMENTO,VENTA,4.754466842217474,-74.11479024931661,SUBA,FONTANAR DEL RIO 2,160500000.0,NaN,115800.0,,0,0,0,1,0,0,0,0,0,0,0,0,0,1,0,1,0,1,0,0,2,4,0,2,0,4,0,0,6,12,0,5,4,27,7,0,10,20,0,25,29,159,49,0,27,81,1,1205178.5,1909387.75
3,52,2,1,0,MAS DE 20 ANOS,APARTAMENTO,VENTA,4.75051741655925,-74.11054561532973,SUBA,PARQUES DEL CAMPO,167200000.0,NaN,120600.0,,0,0,0,1,0,0,0,0,0,0,0,0,0,0,0,1,1,12,4,0,0,5,0,3,4,18,6,0,0,16,0,12,12,91,19,0,14,34,0,29,37,185,85,0,34,110,1,1251743.625,1874826.625
3,72,3,2,1,MAS DE 20 ANOS,CASA CON CONJUNTO CERRADO,VENTA,4.744576498556044,-74.05440812478602,SUBA,CAMPOS DE SILENCIO,300000000.0,NaN,232000.0,,0,0,0,1,0,1,0,0,0,0,0,0,1,0,0,0,0,0,0,0,7,0,0,1,8,26,9,0,27,5,0,12,32,122,65,0,84,24,0,69,129,482,279,1,155,118,0,1532905.6666666667,2209469.0
3,43,2,1,0,ENTRE 0 Y 5 ANOS,APARTAMENTO,VENTA,4.670792268106236,-74.14832868287189,FONTIBON,LA LAGUNA FONTIBON,189470000.0,NaN,135000.0,,0,0,0,1,0,0,0,0,0,0,0,0,0,0,0,2,3,6,4,0,2,1,0,4,5,25,10,2,6,12,0,15,18,84,29,11,13,38,0,34,29,119,41,16,25,58,2,1197346.2857142857,1631071.7142857143
3,61,3,2,0,ENTRE 5 Y 10 ANOS,APARTAMENTO,VENTA,4.626752930126683,-74.20707869733283,BOSA,S.C. SAN BERNARDINO XXII,167000000.0,NaN,72000.0,,0,0,0,1,0,0,0,0,0,0,0,0,0,0,0,0,0,1,2,0,1,0,0,3,0,3,2,0,1,0,0,11,1,9,3,0,3,3,0,37,12,76,20,1,25,14,1,0.0,0.0
2,45,2,1,0,ENTRE 10 Y 20 ANOS,APARTAMENTO,VENTA,4.6265002203508585,-74.20359589167776,BOSA,LA PRADERA EL VOLCAN,119900000.0,NaN,56000.0,,0,0,0,1,0,0,0,0,0,2,2,0,0,0,0,2,0,2,2,0,2,0,0,3,0,3,2,0,3,1,0,11,3,15,4,0,6,3,0,45,14,94,27,0,26,15,1,435000.0,483333.3333333333
4,55,1,2,1,ENTRE 0 Y 5 ANOS,APARTAMENTO,VENTA,4.7192534241209065,-74.03816769979193,USAQUEN,CEDRITOS,400000000.0,NaN,343623.0,,1,0,0,1,0,0,0,0,0,3,6,0,0,0,0,1,6,27,28,0,0,8,0,3,11,42,41,1,1,17,0,9,38,135,93,1,23,51,2,42,134,382,247,7,65,124,4,2675312.4,3646220.8
3,46,3,2,1,ENTRE 5 Y 10 ANOS,APARTAMENTO,VENTA,4.75771010639286,-74.1092678345619,SUBA,VEREDA TIBABUYES - FONTANAR DEL RIO,196000000.0,NaN,175000.0,,0,0,0,1,0,0,0,0,0,0,0,0,1,0,0,0,0,1,0,0,2,0,0,1,2,6,3,0,3,2,0,8,5,31,12,0,6,25,0,29,34,169,76,0,27,91,1,1119618.5,1697724.5
3,61,3,2,1,MAS DE 20 ANOS,APARTAMENTO,VENTA,4.7472899,-74.06293889999999,SUBA,URB. LA CHOCITA,310200000.0,NaN,236200.0,,0,0,0,1,0,0,0,0,3,11,8,0,0,1,0,1,5,28,19,0,3,1,0,1,16,75,35,0,13,11,0,12,37,131,65,0,90,27,0,51,76,318,168,2,145,63,0,1579299.4,2171713.1
4,66,3,2,1,ENTRE 5 Y 10 ANOS,APARTAMENTO,VENTA,4.740723208081978,-74.067628453237,SUBA,CASABLANCA (HACIENDA),479400000.0,NaN,312700.0,,1,0,0,1,0,0,0,0,0,0,0,0,0,0,0,0,0,0,0,0,2,0,0,1,4,8,3,0,5,5,0,5,16,70,34,1,21,13,0,42,69,230,118,1,127,56,1,1244433.0,1671725.3333333333
4,85,3,2,1,ENTRE 5 Y 10 ANOS,APARTAMENTO,VENTA,4.72269857278306,-74.13112525584707,ENGATIVA,S.C. ENGATIVA EL DORADO,399000000.0,NaN,338000.0,,0,0,0,1,0,0,0,0,0,0,0,0,0,0,0,0,4,12,10,0,0,1,0,1,5,21,15,0,0,1,0,8,20,73,30,0,5,9,0,28,89,379,169,1,39,50,0,1417577.75,2037282.5
3,42,3,2,0,ENTRE 5 Y 10 ANOS,APARTAMENTO,VENTA,4.645714511243377,-74.15569707294507,KENNEDY,TINTALA,167000000.0,NaN,95000.0,,0,0,0,1,0,0,0,0,0,0,0,0,0,0,0,2,0,3,2,0,1,1,0,2,0,3,2,0,2,1,0,8,9,29,15,0,10,3,0,31,40,117,57,1,21,22,4,555764.0,722414.0
3,86,3,2,0,ENTRE 10 Y 20 ANOS,CASA CON CONJUNTO CERRADO,VENTA,4.6390583547295705,-74.1522853994004,KENNEDY,CIUDAD TECHO II,315900000.0,NaN,178800.0,,0,0,0,1,0,1,0,0,0,0,0,0,0,0,0,0,0,3,0,0,3,0,0,2,0,8,1,0,4,0,0,8,10,46,20,0,9,5,0,40,57,155,83,1,32,35,5,1684625.25,2609427.0
2,47,2,1,0,ENTRE 10 Y 20 ANOS,APARTAMENTO,VENTA,4.632697639848516,-74.19811074612754,BOSA,S.C. SAN BERNARDINO XVI,123698575.0,NaN,85000.0,,0,0,0,1,0,0,0,0,0,0,0,0,0,0,0,1,1,3,0,0,0,0,0,4,1,8,0,0,1,1,0,17,3,21,4,0,6,4,0,44,10,56,18,0,20,16,0,993813.625,1462167.0
2,46,2,1,0,ENTRE 10 Y 20 ANOS,APARTAMENTO,VENTA,4.624486554303644,-74.20151651103187,BOSA,VILLA NUBIA,122800000.0,NaN,60000.0,,0,0,0,1,0,0,0,0,0,0,0,0,0,0,0,2,0,1,0,0,2,0,0,3,0,3,2,0,3,2,0,14,4,18,5,0,6,3,0,51,15,123,32,0,32,20,1,910723.5454545454,1292832.6363636365
2,45,2,1,0,ENTRE 10 Y 20 ANOS,APARTAMENTO,VENTA,4.643246512220001,-74.18960100750574,BOSA,S.C PARCELA EL PORVENIR,132000000.0,NaN,65000.0,,0,0,0,1,0,0,0,0,0,0,0,0,0,0,0,0,0,2,0,0,0,1,0,3,0,2,0,0,1,2,0,9,1,18,7,0,8,9,0,33,9,50,22,0,19,14,0,827535.0,1239061.5
2,42,2,1,0,ENTRE 10 Y 20 ANOS,APARTAMENTO,VENTA,4.637723054855518,-74.18915644132795,BOSA,S.C. EL CORZO,125600000.0,NaN,74000.0,,0,0,0,1,0,0,0,1,1,0,0,0,0,0,0,4,1,3,1,0,2,0,0,6,2,11,6,0,6,3,0,13,4,25,9,0,12,10,0,47,16,94,34,0,22,17,0,1331245.25,2112418.25
3,41,2,1,0,ENTRE 0 Y 5 ANOS,APARTAMENTO,VENTA,4.5973373,-74.1610032,BOSA,VILLA DEL RIO II SECTOR,192800000.0,NaN,111100.0,,1,0,0,1,0,0,0,0,0,0,0,0,0,0,0,1,0,1,2,0,0,0,0,1,0,3,2,0,3,2,0,7,4,38,23,0,7,12,0,38,23,152,75,0,23,33,3,549410.3333333334,661516.6666666666
2,43,2,1,0,ENTRE 10 Y 20 ANOS,APARTAMENTO,VENTA,4.642486670852478,-74.19103757994054,BOSA,S.C. EL CORZO,125684190.0,NaN,68500.0,,0,0,0,1,0,0,0,0,0,2,0,0,0,0,0,1,0,2,0,0,1,1,0,3,1,4,0,0,2,2,0,10,1,20,7,0,10,9,0,36,10,52,22,0,19,14,0,1062555.4,1631734.4
3,47,3,1,0,ENTRE 0 Y 5 ANOS,APARTAMENTO,VENTA,4.682309595304022,-74.15720183430376,FONTIBON,EL CHARCO,182793434.0,NaN,151500.0,,1,0,0,1,0,0,0,0,0,0,0,0,0,0,0,0,0,0,0,0,0,1,0,1,1,3,1,1,2,3,0,6,4,29,6,3,6,11,1,30,19,113,39,10,22,50,2,795786.0,960171.0
4,55,3,2,0,MAS DE 20 ANOS,APARTAMENTO,VENTA,4.746921953097408,-74.03641050149113,USAQUEN,VILLAS DE ARANJUEZ,420000000.0,NaN,232000.0,,1,0,0,1,0,1,0,0,0,0,0,0,0,0,0,0,1,2,1,0,3,0,0,4,2,16,5,0,7,4,0,21,42,149,82,0,18,41,0,65,135,563,270,1,94,140,0,1241861.0,1428930.0
6,77,3,2,1,MAS DE 20 ANOS,APARTAMENTO,VENTA,4.7020333780580925,-74.02978721338016,USAQUEN,SANTA BARBARA ORIENTAL,403000000.0,NaN,429737.0,,0,0,0,1,0,0,0,0,1,2,0,1,0,0,0,1,9,10,4,3,0,2,0,1,11,31,16,5,1,7,0,13,23,56,88,7,5,15,1,21,62,185,175,18,36,74,2,3567711.0,4170510.2
3,49,3,1,0,ENTRE 10 Y 20 ANOS,APARTAMENTO,VENTA,4.629394763170698,-74.17790630869642,BOSA,FINCA LA ESPERANZA,148753691.0,NaN,82000.0,,0,0,0,1,0,0,0,2,1,8,5,0,0,1,0,6,4,37,16,0,1,4,0,7,4,39,18,0,2,4,0,17,12,70,25,0,9,7,0,49,45,173,53,1,31,39,1,1428330.4285714286,2056070.142857143
2,34,2,1,0,ENTRE 10 Y 20 ANOS,APARTAMENTO,VENTA,4.630329504248353,-74.20328714884575,BOSA,CONDOMINIOS DEL RECREO,124500000.0,NaN,66999.0,,0,0,0,1,0,0,0,0,0,1,1,0,0,0,0,0,0,2,1,0,1,0,0,5,0,6,3,0,1,1,0,13,2,14,3,0,3,2,0,42,9,53,15,0,18,10,0,413461.5,615243.25
1,44,3,1,0,ENTRE 5 Y 10 ANOS,APARTAMENTO,VENTA,4.621051133124816,-74.21166753669925,BOSA,S.C. SAN BERNARDINO XXII,140161187.0,NaN,58300.0,,0,0,0,1,0,0,0,0,0,0,0,0,0,0,0,0,0,0,0,0,0,0,0,1,0,0,0,0,0,1,0,9,4,21,3,0,4,2,0,37,14,114,27,1,53,21,3,0.0,0.0
2,64,3,1,0,MAS DE 20 ANOS,CASA CON CONJUNTO CERRADO,VENTA,4.6249366,-74.1823406,BOSA,CHICALA_,184000000.0,NaN,84000.0,,0,0,0,1,0,0,0,0,1,0,0,0,0,0,0,1,2,0,0,0,1,0,0,2,3,3,0,0,1,0,0,19,10,62,24,0,8,6,0,51,25,153,45,0,34,35,1,1262381.8333333333,1974838.5
3,45,2,1,0,ENTRE 0 Y 5 ANOS,APARTAMENTO,VENTA,4.561429779085941,-74.11899551430902,RAFAEL URIBE URIBE,URB. GUIPARMA,191443391.0,NaN,72000.0,,0,0,0,1,0,0,0,0,0,0,0,0,0,0,0,1,0,1,0,0,0,0,0,3,2,26,8,0,0,0,0,22,12,60,15,1,5,14,0,64,42,147,50,2,21,31,3,502357.875,719228.25
2,47,2,1,0,MAS DE 20 ANOS,APARTAMENTO,VENTA,4.706683356530741,-74.13647794357327,ENGATIVA,VILLA GLADYS - URB. AVENIDA DEL MIRADOR II,150000000.0,NaN,77000.0,,0,0,0,1,0,0,0,0,0,0,0,0,0,0,0,0,0,3,1,0,1,0,0,2,3,21,8,0,4,2,0,7,24,108,50,1,10,12,0,26,87,415,172,3,31,58,1,1322924.5,1906508.0
4,72,3,2,1,ENTRE 10 Y 20 ANOS,APARTAMENTO,VENTA,4.664824363181929,-74.13447185774507,FONTIBON,URB. PRADO GRANDE,318500000.0,NaN,238000.0,,0,0,0,1,0,0,0,0,0,0,0,0,0,0,0,0,1,0,0,0,2,0,0,0,1,3,1,0,5,5,0,4,13,42,24,4,8,24,0,42,61,241,155,15,29,74,2,1890510.6,2552977.4
4,132,3,3,1,ENTRE 10 Y 20 ANOS,CASA CON CONJUNTO CERRADO,VENTA,4.726551096935227,-74.05795772475498,SUBA,URB. EL MORAL,658790440.0,NaN,460000.0,,0,0,0,1,0,0,0,0,0,0,0,0,0,0,0,0,4,14,9,0,0,0,0,4,10,28,26,0,0,0,0,15,49,142,108,0,4,15,0,43,154,523,322,0,60,93,1,1402236.25,1835533.0
2,58,3,2,1,ENTRE 5 Y 10 ANOS,APARTAMENTO,VENTA,4.61584928389026,-74.18242824515785,KENNEDY,S C. LA PAZ BOSA,187625455.0,NaN,150000.0,,0,0,0,1,0,0,0,0,0,0,0,0,0,0,0,2,0,2,0,0,1,0,0,4,0,3,0,0,3,3,1,12,6,34,6,0,8,10,1,55,31,179,56,0,29,46,1,729206.625,1069129.25
2,45,3,1,1,ENTRE 10 Y 20 ANOS,APARTAMENTO,VENTA,4.617680099999999,-74.1813933,KENNEDY,VEGAS DE SANTA ANA - SAMARIA,151000000.0,NaN,92000.0,,0,0,0,1,0,0,0,0,0,0,0,0,0,0,0,2,0,0,0,0,1,1,0,2,0,4,0,0,3,1,0,12,5,29,4,0,9,10,1,56,31,178,52,0,29,42,1,837152.9090909091,1249364.7272727273
3,63,3,1,0,MAS DE 20 ANOS,APARTAMENTO,VENTA,4.636042824518701,-74.14697148783186,KENNEDY,BOSQUES DE CASTILLA,224212951.0,NaN,170000.0,,0,0,0,1,0,0,0,0,0,0,0,0,0,0,0,1,1,4,3,0,1,0,0,2,1,9,4,0,3,0,4,8,10,48,27,0,12,7,4,47,58,190,106,1,29,45,8,1809495.2,2718697.0
2,50,3,1,0,ENTRE 5 Y 10 ANOS,APARTAMENTO,VENTA,4.612349857944318,-74.20236076398594,BOSA,S.C. LOS LAURELES,162200000.0,NaN,87840.0,,0,0,0,1,0,0,0,0,0,0,0,0,1,0,0,1,1,5,2,0,2,1,0,7,2,22,10,0,5,2,0,19,7,84,24,0,14,8,0,52,23,186,44,1,59,34,2,795697.6,1217984.4
5,20,1,1,0,ENTRE 0 Y 5 ANOS,APARTAMENTO,VENTA,4.6858435481862335,-74.04720349932958,USAQUEN,RINCON DEL CHICO,310000000.0,NaN,291400.0,,0,0,0,1,0,0,0,0,1,2,1,0,0,0,0,0,5,7,6,2,0,6,0,3,12,20,24,6,3,17,0,9,62,154,145,15,7,68,1,22,185,458,482,52,51,214,9,5825934.5,7123868.5
2,51,3,1,0,ENTRE 5 Y 10 ANOS,APARTAMENTO,VENTA,4.649583156653263,-74.1667265443736,KENNEDY,CALANDAIMA - LOS PANTANOS,153712575.0,NaN,80000.0,,0,0,0,1,0,0,0,0,0,0,0,0,0,0,0,1,0,1,0,0,0,0,0,2,0,2,2,0,3,1,0,9,2,15,7,0,6,3,0,24,31,89,31,1,17,15,0,1060497.0,1624247.5
2,47,3,1,0,ENTRE 10 Y 20 ANOS,APARTAMENTO,VENTA,4.6325409,-74.19871950000001,BOSA,S.C. SAN BERNARDINO XVI,135000000.0,NaN,86500.0,,0,0,0,1,0,0,0,0,0,0,0,0,0,0,0,1,1,3,0,0,0,0,0,4,1,8,0,0,1,1,0,17,3,21,4,0,6,4,0,44,10,56,18,0,20,16,0,993813.625,1462167.0
4,62,3,2,1,ENTRE 10 Y 20 ANOS,APARTAMENTO,VENTA,4.769234647974924,-74.03045636555784,USAQUEN,TIBABITA,268000000.0,NaN,315000.0,,1,0,0,1,0,0,0,0,0,0,0,0,0,0,0,0,0,3,0,0,4,0,0,5,4,18,3,0,11,2,0,13,10,62,29,0,16,9,0,27,19,142,61,0,41,28,2,1424758.6666666667,2065183.0
4,46,2,2,0,ENTRE 0 Y 5 ANOS,APARTAMENTO,VENTA,4.6505009853078985,-74.13160846893807,FONTIBON,INTERINDUSTRIAL - EL VERGEL,313962264.0,NaN,163999.0,,1,0,0,1,0,0,0,1,0,0,0,0,1,0,0,2,0,0,0,0,1,0,0,3,1,7,2,0,1,0,0,4,6,43,27,0,2,13,1,25,29,171,102,1,20,58,1,465425.0,517552.0
2,45,3,1,0,ENTRE 5 Y 10 ANOS,APARTAMENTO,VENTA,4.561618624488166,-74.11901456450651,RAFAEL URIBE URIBE,LA MERCED SUR SAN IGNACIO,159960000.0,NaN,92000.0,,1,0,0,1,0,0,0,0,0,0,0,0,0,0,0,1,0,1,0,0,0,0,0,3,2,26,8,0,0,0,0,22,12,60,15,1,5,14,0,64,42,147,50,2,21,31,3,502357.875,719228.25
4,116,3,3,0,MAS DE 20 ANOS,APARTAMENTO,VENTA,4.680040602844746,-74.05916580104804,BARRIOS UNIDOS,LA CASTELLANA,550000000.0,NaN,150000.0,,0,0,0,1,0,0,0,0,0,0,0,0,0,0,0,0,2,0,0,0,2,3,1,2,16,12,16,1,5,8,1,6,72,189,132,14,20,59,2,59,254,830,726,56,66,244,13,2376292.25,2997799.5
3,45,3,2,0,ENTRE 5 Y 10 ANOS,APARTAMENTO,VENTA,4.636497971545281,-74.15315204441609,KENNEDY,CIUDAD TECHO II,210500000.0,NaN,114900.0,,0,0,0,1,0,0,0,0,0,2,0,0,0,0,0,1,0,6,1,0,1,0,0,2,1,13,3,0,3,0,0,10,10,50,19,0,8,5,4,40,58,159,86,1,30,40,6,1710357.5,2674538.75
3,46,2,1,0,ENTRE 0 Y 5 ANOS,APARTAMENTO,VENTA,4.682309595304022,-74.15720183430376,FONTIBON,EL CHARCO,181000000.0,NaN,138200.0,,0,0,0,1,0,0,0,0,0,0,0,0,0,0,0,0,0,0,0,0,0,1,0,1,1,3,1,1,2,3,0,6,4,29,6,3,6,11,1,30,19,113,39,10,22,50,2,795786.0,960171.0
4,77,3,2,1,ENTRE 10 Y 20 ANOS,APARTAMENTO,VENTA,4.756144558312871,-74.03732990919875,USAQUEN,SAN ANTONIO NOROCCIDENTAL,383000000.0,NaN,303300.0,,0,0,0,1,0,0,0,0,0,0,0,0,0,0,0,0,0,0,0,0,3,0,0,1,1,3,0,0,7,1,0,17,10,54,34,0,27,15,0,61,87,471,232,0,104,102,1,1370328.7142857143,1944878.857142857
3,55,3,2,0,ENTRE 5 Y 10 ANOS,APARTAMENTO,VENTA,4.584581019099009,-74.15644165955591,CIUDAD BOLIVAR,EL ENSUENO,216000000.0,NaN,142200.0,,1,0,0,1,0,0,0,0,0,0,0,0,0,1,0,1,0,1,1,0,1,3,0,2,0,1,1,0,2,3,0,10,2,15,5,0,9,5,1,43,19,132,50,0,30,28,3,1476024.5,2165651.5
3,75,3,2,1,MAS DE 20 ANOS,APARTAMENTO,VENTA,4.726201053279038,-74.12320281965941,ENGATIVA,EL_CORTIJO,304000000.0,NaN,293366.0,,0,0,0,1,0,0,0,0,1,2,0,0,0,0,0,0,2,7,3,0,0,3,0,0,2,10,5,0,2,3,0,2,17,77,37,0,11,14,0,27,72,311,135,0,57,51,0,1976968.6666666667,3124162.6666666665
3,102,4,3,1,ENTRE 10 Y 20 ANOS,APARTAMENTO,VENTA,4.63720030647012,-74.1279341291273,KENNEDY,MULTIFAMILIARES LA PAZ,490000000.0,NaN,301900.0,,0,0,0,1,0,0,0,0,0,0,0,0,0,0,0,0,2,4,1,0,0,1,0,1,2,9,3,0,0,2,0,7,7,39,19,0,4,14,2,33,57,311,146,1,21,69,3,1260483.5,1792365.0
3,42,3,1,0,ENTRE 10 Y 20 ANOS,APARTAMENTO,VENTA,4.651838225708955,-74.16917740570511,KENNEDY,TIERRA BUENA RESERVADO II,127000000.0,NaN,70000.0,,1,0,0,1,0,0,0,0,0,0,0,0,0,0,0,0,0,1,0,0,0,0,0,0,0,2,0,0,2,0,0,3,0,13,6,0,6,3,0,22,23,66,17,1,15,12,0,1248589.0,1981035.3333333333
2,39,3,1,0,ENTRE 10 Y 20 ANOS,CASA CON CONJUNTO CERRADO,VENTA,4.612573167302127,-74.21095781718743,BOSA,URB. SAN_DIEGO,115483000.0,NaN,82700.0,,0,0,0,1,0,0,0,0,1,8,0,0,0,0,0,2,1,17,3,0,1,2,1,3,3,28,6,0,6,3,1,14,8,68,15,1,31,9,1,40,17,151,37,1,72,23,4,866820.6666666666,1312192.8333333333
3,47,3,1,2,ENTRE 0 Y 5 ANOS,APARTAMENTO,VENTA,4.566966499999999,-74.12532310000002,RAFAEL URIBE URIBE,S.C. MARCO FIDEL SUAREZ I,202330280.0,NaN,136000.0,,0,0,0,1,0,0,0,0,0,0,0,0,0,0,0,1,1,1,2,0,0,0,0,5,8,31,6,0,0,7,0,20,23,75,30,0,5,14,3,75,64,194,76,2,20,50,4,786875.7142857143,1051007.0
2,47,2,1,0,ENTRE 10 Y 20 ANOS,CASA CON CONJUNTO CERRADO,VENTA,4.648217520549479,-74.16970280667114,KENNEDY,CIUDADELA TIERRA BUENA II,148063158.0,NaN,56000.0,,0,0,0,1,0,0,0,0,0,0,0,0,0,0,0,1,0,1,0,0,1,1,0,3,0,6,1,0,1,3,0,8,1,14,7,0,6,4,0,25,31,94,31,1,17,19,0,1204290.125,1831562.5
3,54,2,2,1,ENTRE 5 Y 10 ANOS,APARTAMENTO,VENTA,4.641591461390869,-74.15333898404677,KENNEDY,CIUDAD TECHO II,281000000.0,NaN,187900.0,,0,0,0,1,0,0,0,0,0,0,0,0,0,0,0,0,0,0,0,0,1,0,0,1,0,7,3,0,4,1,0,10,11,43,18,0,9,5,0,39,55,144,82,1,29,36,4,1612726.0,2466776.6666666665
2,47,3,1,0,ENTRE 5 Y 10 ANOS,APARTAMENTO,VENTA,4.627973512740553,-74.21364518718856,BOSA,S.C. SAN BERNARDINO XXII,146432971.0,NaN,65500.0,,0,0,0,1,0,0,0,0,0,1,0,0,0,0,0,3,0,1,0,0,0,0,0,3,0,2,0,0,0,1,0,5,0,2,0,0,0,1,0,23,9,58,12,1,20,10,1,78114.25,91887.75
2,48,3,1,0,ENTRE 5 Y 10 ANOS,APARTAMENTO,VENTA,4.628538499999999,-74.2126437,BOSA,S.C. SAN BERNARDINO XXII,139672000.0,NaN,70000.0,,0,0,0,1,0,0,0,0,0,0,0,0,0,0,0,1,0,1,0,0,0,0,0,3,0,2,0,0,0,1,0,5,1,6,3,0,1,1,0,25,8,45,9,1,17,7,1,0.0,0.0
2,34,2,1,0,ENTRE 5 Y 10 ANOS,APARTAMENTO,VENTA,4.564755164668122,-74.1109444171722,RAFAEL URIBE URIBE,SANTA SOFIA SUR,122532675.0,NaN,73000.0,,0,0,0,1,0,0,0,0,0,0,0,0,0,0,0,1,1,2,0,0,1,0,0,3,2,6,0,0,2,1,0,15,8,24,9,0,6,5,0,95,68,240,117,2,34,40,1,648615.6,954325.3
3,64,3,2,0,MAS DE 20 ANOS,APARTAMENTO,VENTA,4.678386289001145,-74.15281650639227,FONTIBON,MONTECARLO_,227373280.0,NaN,172300.0,,0,0,0,1,0,0,0,0,0,0,0,0,1,0,0,0,0,1,0,2,2,0,0,2,3,11,2,2,2,7,0,14,9,48,14,5,10,25,0,36,28,131,45,17,24,58,3,1275073.4545454546,1886439.2727272727
2,45,2,1,0,ENTRE 10 Y 20 ANOS,APARTAMENTO,VENTA,4.625974191229276,-74.20445315736167,BOSA,LA PRADERA EL VOLCAN,125000000.0,NaN,55000.0,,0,0,0,1,0,0,0,0,0,0,0,0,0,0,0,1,0,2,2,0,1,0,0,3,0,2,2,0,3,0,0,11,1,12,4,0,5,4,0,43,13,87,24,1,26,16,1,0.0,0.0
2,45,2,1,0,ENTRE 10 Y 20 ANOS,APARTAMENTO,VENTA,4.626623471435832,-74.20364906190186,BOSA,LA PRADERA EL VOLCAN,120300000.0,NaN,56920.0,,0,0,0,1,0,0,0,0,0,1,1,0,1,0,0,2,0,2,2,0,1,0,0,3,0,5,3,0,3,0,0,14,2,16,4,0,4,3,0,45,13,84,22,0,24,13,0,0.0,0.0
2,43,3,1,0,ENTRE 0 Y 5 ANOS,APARTAMENTO,VENTA,4.636954671609178,-74.19065632902941,BOSA,S.C. EL CORZO,136300000.0,NaN,60000.0,,0,0,0,1,0,0,0,0,0,0,0,0,0,0,0,2,1,9,2,0,1,1,0,7,1,12,2,0,7,1,0,17,5,30,10,0,12,10,0,46,16,93,33,0,25,18,0,1460640.4,2289849.0
2,39,3,1,0,ENTRE 10 Y 20 ANOS,APARTAMENTO,VENTA,4.632884208168977,-74.2022371914727,BOSA,S.C. SAN BERNARDINO XIX,127000000.0,NaN,60000.0,,0,0,0,1,0,0,0,0,0,0,0,0,0,1,0,1,0,4,1,0,0,1,0,5,0,4,1,0,0,1,0,12,2,14,3,0,4,1,0,39,9,42,13,0,19,12,0,1052127.75,1636680.25
2,46,3,1,0,ENTRE 0 Y 5 ANOS,APARTAMENTO,VENTA,4.634944975293582,-74.1862975890625,BOSA,SANTA_MARTA,168586957.0,NaN,120000.0,,1,0,0,1,0,0,0,0,0,0,0,0,1,0,0,2,1,5,4,0,3,1,0,6,1,13,7,0,5,5,0,16,6,29,15,0,13,9,0,47,19,114,37,0,26,22,0,707744.4,946625.6
2,43,2,1,0,MAS DE 20 ANOS,APARTAMENTO,VENTA,4.61129423182348,-74.16373354508363,KENNEDY,SAN MARTIN DE PORRES I,155100000.0,NaN,78000.0,,0,0,0,1,0,0,0,0,0,0,0,0,0,0,0,1,4,14,4,0,1,0,0,3,5,17,10,0,2,2,0,13,14,58,25,0,4,13,1,39,45,189,84,0,26,46,5,1134941.5833333333,1707640.6666666667
1,57,3,1,0,ENTRE 5 Y 10 ANOS,APARTAMENTO,VENTA,4.6429871,-74.16249599999999,KENNEDY,EL PATIO III SECTOR,180504351.0,NaN,54500.0,,0,0,0,1,0,0,0,1,0,0,0,0,0,0,0,4,1,0,2,0,1,0,0,6,5,6,4,0,3,2,0,17,27,66,25,1,6,11,0,27,35,117,42,1,23,18,1,1257124.5,1817746.6
3,32,2,1,0,ENTRE 0 Y 5 ANOS,APARTAMENTO,VENTA,4.613732044691801,-74.10791554721656,PUENTE ARANDA,PRIMAVERA OCCIDENTAL,221337127.0,NaN,120000.0,,1,0,0,1,0,0,0,0,0,0,0,0,0,0,0,0,3,11,10,0,1,3,0,3,6,25,17,0,1,6,0,8,25,127,66,0,6,28,0,40,105,532,257,2,31,92,2,1666637.5,2490807.75
4,79,3,2,1,MAS DE 20 ANOS,APARTAMENTO,VENTA,4.753273260676124,-74.0269472137388,USAQUEN,EL REDIL,307000000.0,NaN,314000.0,,0,0,0,1,0,0,0,0,0,0,0,0,0,0,0,1,1,1,0,0,0,0,0,4,1,3,2,0,1,1,0,14,6,40,12,0,10,9,0,52,67,316,139,1,57,62,1,1632715.6666666667,2074869.6666666667
4,127,3,3,1,MAS DE 20 ANOS,APARTAMENTO,VENTA,4.705495057732724,-74.02498853669928,USAQUEN,SAN,495000000.0,NaN,554600.0,,0,0,0,1,0,1,0,0,0,0,0,0,0,0,0,0,1,4,2,0,0,1,0,2,1,12,2,0,0,1,0,5,15,35,13,4,2,9,0,22,52,137,140,11,32,63,2,2343060.5,3264755.5
4,79,3,2,1,MAS DE 20 ANOS,APARTAMENTO,VENTA,4.738796031246379,-74.04138200697854,USAQUEN,JARDINES DE ORIENTE,318000000.0,NaN,340000.0,,0,0,0,1,0,0,0,0,1,0,1,0,0,1,0,1,11,21,15,0,0,10,0,5,17,62,30,0,0,23,0,16,50,165,89,0,14,58,0,70,181,631,341,1,102,152,0,2249178.1666666665,3010639.1666666665
4,84,4,3,1,MAS DE 20 ANOS,APARTAMENTO,VENTA,4.728522726355289,-74.04339586822812,USAQUEN,LOS CEDRITOS,434000000.0,NaN,483000.0,,0,0,0,1,0,0,0,0,2,2,1,0,0,0,0,0,9,8,8,0,2,4,0,3,21,31,24,0,4,13,0,17,57,141,91,1,12,40,0,50,186,612,362,1,68,160,4,2661809.0,3705562.6666666665
2,31,1,1,0,ENTRE 0 Y 5 ANOS,APARTAMENTO,VENTA,4.751213261377192,-74.02825012956175,USAQUEN,LA GRANJA NORTE,170000000.0,NaN,98000.0,,0,0,0,1,0,0,0,0,0,0,0,0,0,0,0,2,0,0,1,0,0,0,0,7,0,1,2,0,0,0,0,18,7,42,11,1,10,10,0,55,87,392,171,1,59,86,1,589822.6666666666,695835.0
3,49,3,2,0,MAS DE 20 ANOS,APARTAMENTO,VENTA,4.731570347288437,-74.11844447926391,ENGATIVA,CIUDADELA COLSUBSIDIO 4 SECTOR,187000000.0,NaN,125400.0,,1,0,0,1,0,0,0,0,0,0,0,0,1,0,0,0,0,0,0,0,3,0,0,0,0,0,0,0,4,0,0,0,2,8,4,0,11,3,0,20,46,239,91,0,56,62,0,953716.3333333334,1527672.3333333333
4,31,1,1,0,ENTRE 0 Y 5 ANOS,APARTAMENTO,VENTA,4.696437469554532,-74.069222508492,SUBA,TEUSACA,260000000.0,NaN,200000.0,,0,0,0,1,0,0,0,0,0,3,1,0,0,1,0,1,2,12,10,0,0,5,0,5,10,27,24,3,3,12,0,11,35,142,81,3,7,31,2,33,137,443,246,11,37,98,3,1879226.8,2417061.0
4,52,3,2,0,MAS DE 20 ANOS,APARTAMENTO,VENTA,4.665414276501069,-74.11422797610565,FONTIBON,MODELIA,315000000.0,NaN,232500.0,,0,0,0,1,0,0,0,0,0,0,0,0,0,0,0,2,0,2,1,0,2,0,0,4,9,16,25,2,8,8,0,14,38,102,101,15,15,29,0,34,100,278,301,20,47,101,6,1611854.75,2014704.125
3,54,3,2,0,ENTRE 10 Y 20 ANOS,APARTAMENTO,VENTA,4.5932276,-74.103161,ANTONIO NARINO,RESTREPO OCCIDENTAL,259513095.0,NaN,175000.0,,0,0,0,1,0,0,0,0,0,0,0,0,0,0,0,1,1,8,6,0,0,0,0,4,6,66,21,0,2,4,0,36,40,313,111,0,4,38,2,109,135,661,288,3,36,91,3,1802547.5,2471006.1666666665
2,36,2,1,0,ENTRE 10 Y 20 ANOS,APARTAMENTO,VENTA,4.638769941388732,-74.18465422091066,BOSA,S.C OSORIO DIEZ,122400000.0,NaN,52000.0,,0,0,0,1,0,0,0,0,0,0,0,0,0,0,0,3,1,4,5,0,4,5,0,5,1,9,7,0,5,5,0,13,4,26,12,0,9,7,0,48,21,114,37,0,27,23,0,1091162.25,1681547.0
3,39,2,1,0,MAS DE 20 ANOS,APARTAMENTO,VENTA,4.75291805222388,-74.10265388170258,SUBA,URB. LAS FLORES,150700000.0,NaN,89400.0,,0,0,0,1,0,0,0,0,1,1,1,0,0,0,0,2,3,16,5,0,1,6,0,6,6,34,20,0,2,23,0,14,27,95,70,0,10,57,1,42,45,219,84,0,39,127,1,1556979.0,2432232.5
5,47,1,1,1,ENTRE 0 Y 5 ANOS,APARTAMENTO,VENTA,4.663387697501378,-74.11246633527612,FONTIBON,LA ESPERANZA NORTE,510000000.0,NaN,249400.0,,0,0,0,0,0,0,0,0,0,0,0,0,0,0,0,0,0,2,0,0,2,0,0,0,0,4,10,1,4,2,0,10,36,96,95,14,12,32,1,33,98,291,298,19,44,102,7,2638959.0,3179641.0
3,84,3,2,1,ENTRE 5 Y 10 ANOS,APARTAMENTO,VENTA,4.652126127537309,-74.15339689386857,KENNEDY,S.C. TINTALA,380000000.0,NaN,210000.0,,0,0,0,1,0,0,0,0,0,0,0,0,0,0,0,0,1,0,0,0,1,0,0,0,2,1,0,0,1,0,0,5,3,9,4,0,3,1,0,22,25,79,47,0,21,15,0,1153948.0,1755828.0
3,84,3,2,1,ENTRE 5 Y 10 ANOS,APARTAMENTO,VENTA,4.721376088925656,-74.05459044828648,SUBA,SAN JOSE DEL PRADO,422226000.0,NaN,386000.0,,0,0,0,1,0,0,0,0,0,0,0,0,0,0,0,3,10,30,26,0,0,1,0,4,20,85,50,0,0,2,0,15,50,229,135,0,9,23,0,43,165,528,353,1,47,90,1,1711922.0,2276871.714285714
2,53,3,1,0,ENTRE 10 Y 20 ANOS,CASA,VENTA,4.646563696117551,-74.16473785268998,KENNEDY,CALANDAIMA - LOS PANTANOS,161559290.0,NaN,60000.0,,0,0,0,1,0,0,0,0,0,0,0,0,0,0,0,1,0,1,2,0,1,0,0,2,0,2,2,0,2,1,0,13,11,22,7,0,6,7,0,24,33,102,32,1,19,17,0,1262957.0,1952178.0
3,37,1,1,0,ENTRE 0 Y 5 ANOS,APARTAMENTO,VENTA,4.747905897611749,-74.02712444340821,USAQUEN,LA GRANJA NORTE,214000000.0,NaN,157145.0,,0,0,0,1,0,0,0,0,0,0,0,0,0,0,0,3,0,1,0,0,1,0,0,6,0,6,0,0,6,2,0,22,18,71,23,1,14,14,0,54,93,375,165,1,47,87,1,611923.0,716652.0
3,66,3,2,0,MAS DE 20 ANOS,APARTAMENTO,VENTA,4.701296655489349,-74.1068737420863,ENGATIVA,FLORENCIA II SECTOR,220000000.0,NaN,133600.0,,0,0,0,1,0,0,0,0,0,1,0,0,0,0,0,4,2,9,3,0,4,4,0,6,19,77,36,0,6,9,0,18,92,326,125,0,12,49,1,73,235,910,407,3,63,139,2,1589563.625,2344403.75
3,66,3,2,0,ENTRE 10 Y 20 ANOS,APARTAMENTO,VENTA,4.759573613028226,-74.03978200394351,USAQUEN,SAN ANTONIO NOROCCIDENTAL,248495874.0,NaN,105000.0,,0,0,0,1,0,0,0,0,0,0,0,0,0,0,0,1,0,0,0,0,7,0,0,3,4,21,12,0,13,2,0,11,11,103,52,0,30,26,0,59,59,378,183,1,116,83,0,1511668.5,2279346.125
6,65,2,2,1,ENTRE 10 Y 20 ANOS,APARTAMENTO,VENTA,4.692224379402245,-74.04287694697346,USAQUEN,SANTA BARBARA CENTRAL I Y II,440650000.0,NaN,711100.0,,0,0,0,1,0,0,0,0,0,1,0,0,0,1,0,0,6,10,13,0,0,4,0,0,10,41,23,1,1,9,0,7,31,142,94,8,8,47,0,30,171,367,429,46,34,171,6,3366298.875,4193130.25
4,71,3,2,1,ENTRE 10 Y 20 ANOS,APARTAMENTO,VENTA,4.723626191970666,-74.13635741490222,ENGATIVA,S.C. EL GACO,320000000.0,NaN,250000.0,,1,0,0,1,0,0,0,0,0,0,0,0,0,0,0,1,0,1,0,0,0,0,0,1,2,6,4,0,0,0,0,6,7,24,15,0,0,1,0,20,68,277,129,1,32,37,0,613530.0,689618.0
4,67,3,2,1,MAS DE 20 ANOS,APARTAMENTO,VENTA,4.664824363181929,-74.13447185774507,FONTIBON,URB. PRADO GRANDE,322900000.0,NaN,238000.0,,0,0,0,1,0,0,0,0,0,0,0,0,0,0,0,0,1,0,0,0,2,0,0,0,1,3,1,0,5,5,0,4,13,42,24,4,8,24,0,42,61,241,155,15,29,74,2,1890510.6,2552977.4
3,33,2,1,0,MAS DE 20 ANOS,APARTAMENTO,VENTA,4.670636369281764,-74.1497632417858,FONTIBON,LA LAGUNA FONTIBON,126380000.0,NaN,120000.0,,0,0,0,1,0,0,0,0,0,0,0,0,0,0,0,1,0,0,0,0,3,0,0,2,5,18,7,2,7,6,0,15,17,80,26,10,12,36,0,35,29,121,40,15,24,57,3,1127741.8181818181,1572033.8181818181
2,37,2,1,0,MAS DE 20 ANOS,APARTAMENTO,VENTA,4.644454424283896,-74.15711781079723,KENNEDY,TINTALA,124532987.0,NaN,97000.0,,0,0,0,1,0,0,0,0,0,0,0,0,0,0,0,2,0,3,2,0,1,1,0,4,1,4,3,0,4,2,0,11,13,37,17,0,9,4,0,33,41,129,56,1,22,22,4,3459738.0,4444129.0
3,43,2,1,0,ENTRE 0 Y 5 ANOS,APARTAMENTO,VENTA,4.597844411381294,-74.15936594431915,BOSA,VILLA DEL RIO II SECTOR,191401998.0,NaN,140000.0,,1,0,0,1,0,0,0,0,0,0,0,0,0,0,0,0,0,3,2,0,0,0,0,1,1,9,7,0,1,4,0,6,4,37,24,0,7,8,0,36,32,162,85,0,21,37,3,1166868.142857143,1523925.4285714286
6,120,3,3,2,MAS DE 20 ANOS,APARTAMENTO,VENTA,4.696601999999999,-74.0420932,USAQUEN,SANTA BARBARA CENTRAL I SECTOR,475000000.0,NaN,840000.0,,0,0,0,1,0,0,0,0,0,0,0,0,0,0,0,1,2,9,6,2,1,1,0,2,9,30,15,2,2,9,0,6,36,175,114,9,10,52,0,33,142,349,332,34,48,145,2,3648059.0,4630087.2
6,142,4,4,2,MAS DE 20 ANOS,APARTAMENTO,VENTA,4.694100010532,-74.052319989564,USAQUEN,SAN PATRICIO,768180000.0,NaN,1150000.0,,0,0,0,1,0,0,0,0,0,0,1,0,2,0,0,0,3,9,6,1,3,3,0,3,20,39,27,2,5,16,0,11,66,140,105,11,9,47,0,27,186,500,401,35,40,183,4,2907878.714285714,3616475.1428571427
5,146,3,4,2,ENTRE 0 Y 5 ANOS,APARTAMENTO,VENTA,4.701163968723093,-74.0484089543839,USAQUEN,SANTA BARBARA OCCIDENTAL,1214068323.0,NaN,1039000.0,,0,0,0,1,0,1,0,0,0,9,5,0,0,1,0,0,2,28,14,0,2,8,0,0,13,56,44,1,4,17,0,5,43,164,118,8,11,46,0,29,147,407,289,25,55,124,2,2762995.6666666665,3383021.0
4,85,3,2,0,MAS DE 20 ANOS,APARTAMENTO,VENTA,4.629582939065849,-74.08721255087472,TEUSAQUILLO,EL_RECUERDO,522711000.0,NaN,80000.0,,0,0,0,1,0,0,0,0,2,6,7,1,0,3,0,1,7,16,23,11,0,8,0,9,10,28,69,21,1,15,1,20,38,86,154,65,13,51,9,73,137,512,667,105,34,185,21,2239042.888888889,2661964.222222222
4,35,1,1,0,ENTRE 0 Y 5 ANOS,APARTAMENTO,VENTA,4.7494543645614,-74.02693527641398,USAQUEN,LA GRANJA NORTE,229000000.0,NaN,150000.0,,0,0,0,1,0,0,0,0,0,0,0,0,0,0,0,1,0,0,0,0,0,0,0,6,0,7,1,0,1,0,0,19,9,30,9,1,13,10,0,56,93,376,171,1,48,82,1,611923.0,716652.0
3,54,3,1,0,ENTRE 0 Y 5 ANOS,APARTAMENTO,VENTA,4.750788946257288,-74.10332482104833,SUBA,URB. LA FONTANA,179900000.0,NaN,79000.0,,0,0,0,1,0,0,0,0,0,0,0,0,0,0,0,2,1,6,4,0,0,3,0,5,4,17,4,0,2,12,0,15,28,131,66,0,10,60,1,42,47,227,87,0,41,130,1,1396255.5454545454,2133471.6363636362
3,50,2,2,1,ENTRE 10 Y 20 ANOS,APARTAMENTO,VENTA,4.722271119381104,-74.05601242252187,SUBA,SAN JOSE DEL PRADO,260000000.0,NaN,239892.0,,0,0,0,1,0,0,0,1,0,0,0,0,0,0,0,4,6,20,13,0,0,1,0,4,20,79,51,0,0,3,0,14,42,204,122,0,8,15,0,44,160,522,353,0,45,89,1,1837790.7,2550490.3
2,36,2,1,0,ENTRE 10 Y 20 ANOS,APARTAMENTO,VENTA,4.6286427063868265,-74.20362539876609,BOSA,NUEVO RECREO,119400000.0,NaN,60500.0,,0,0,0,1,0,0,0,0,0,0,0,0,0,0,0,2,0,4,3,0,1,0,0,4,0,4,3,0,2,0,0,13,2,13,3,0,3,2,0,44,13,64,17,0,21,12,0,0.0,0.0
2,56,3,2,0,ENTRE 10 Y 20 ANOS,APARTAMENTO,VENTA,4.748519,-74.118261,SUBA,URB. GAVILANES,157000000.0,NaN,130000.0,,0,0,0,1,0,0,0,0,0,0,0,0,0,0,0,0,0,0,0,0,2,1,0,1,0,2,0,0,2,5,0,11,1,22,8,0,13,19,0,20,18,121,28,0,28,60,0,991166.2857142857,1388147.2857142857
3,54,3,2,0,ENTRE 10 Y 20 ANOS,APARTAMENTO,VENTA,4.723626191970666,-74.13635741490222,ENGATIVA,S.C. EL GACO,210670000.0,NaN,127000.0,,0,0,0,1,0,0,0,0,0,0,0,0,0,0,0,1,0,1,0,0,0,0,0,1,2,6,4,0,0,0,0,6,7,24,15,0,0,1,0,20,68,277,129,1,32,37,0,613530.0,689618.0
4,78,3,2,1,ENTRE 5 Y 10 ANOS,APARTAMENTO,VENTA,4.744504966253282,-74.05765003203814,SUBA,CANTALEJO,400000000.0,NaN,373000.0,,0,0,0,1,0,0,0,0,1,5,1,0,5,0,0,1,9,27,10,0,16,7,0,1,9,27,10,0,28,7,0,11,35,142,63,0,89,29,0,61,120,459,264,2,146,106,0,2233255.4,3530758.2
3,63,3,2,0,MAS DE 20 ANOS,APARTAMENTO,VENTA,4.69914478234299,-74.11839881556247,ENGATIVA,LOS ANGELES,239000000.0,NaN,219000.0,,0,0,0,1,0,0,0,0,0,4,0,0,0,0,0,1,2,11,5,0,3,3,0,4,12,35,23,0,4,3,0,10,51,207,102,1,11,19,0,46,179,750,336,10,63,112,1,966799.0909090909,1413963.1818181819
1,46,2,1,0,ENTRE 5 Y 10 ANOS,APARTAMENTO,VENTA,4.4756653976205145,-74.12623716935182,USME,CIUDADELA DE USME LA ESPERANZA I ETAPA,92000000.0,NaN,50000.0,,0,0,0,1,0,0,0,0,0,0,0,0,0,0,0,0,0,0,0,0,0,0,0,1,0,0,0,0,0,0,0,4,1,1,1,0,3,2,2,4,1,2,2,0,3,2,3,855587.75,1376725.5
2,48,3,1,0,ENTRE 5 Y 10 ANOS,APARTAMENTO,VENTA,4.473322119209056,-74.12828319259656,USME,CIUDADELA DE USME LA ESPERANZA I ETAPA,100000000.0,NaN,88199.0,,0,0,0,1,0,0,0,0,0,0,0,0,0,0,0,0,0,0,0,0,0,0,0,0,0,0,1,0,1,2,0,4,1,1,1,0,2,2,0,4,1,1,1,0,3,2,3,461198.6666666667,717305.0
3,77,3,2,1,ENTRE 10 Y 20 ANOS,APARTAMENTO,VENTA,4.751955572738856,-74.09124741218929,SUBA,S.C EL PINO,350000000.0,NaN,286000.0,,0,0,0,1,0,0,0,0,0,2,0,0,0,0,0,1,3,18,2,0,0,2,0,5,4,24,10,0,1,5,0,20,14,59,47,0,10,32,0,55,48,192,89,1,26,120,1,1415390.0,1988373.0
4,60,2,2,1,ENTRE 10 Y 20 ANOS,APARTAMENTO,VENTA,4.722556471579575,-74.13302081367631,ENGATIVA,EL GACO - EL PORVENIR (PREDIO),291000000.0,NaN,258000.0,,0,0,0,1,0,0,0,0,0,0,0,0,0,0,0,0,3,7,6,0,0,0,0,1,5,20,14,0,0,1,0,5,9,27,18,0,1,4,0,24,82,342,155,1,34,46,0,970500.0,1499266.0
3,69,4,3,2,MAS DE 20 ANOS,APARTAMENTO,VENTA,4.739583494748376,-74.036060308324,USAQUEN,BALCONES DE ORIENTE,297180000.0,NaN,290000.0,,0,0,0,1,0,0,0,0,0,0,0,0,0,1,0,0,6,5,7,0,2,5,0,1,16,37,29,0,3,16,0,13,56,216,89,0,17,56,0,60,145,517,265,2,71,147,0,1454247.6666666667,1949582.0
4,63,3,2,1,MAS DE 20 ANOS,APARTAMENTO,VENTA,4.744387686776947,-74.03089788877726,USAQUEN,SANTA TERESA,258400000.0,NaN,300000.0,,0,0,0,1,0,0,0,0,0,3,1,0,0,0,0,1,7,18,2,0,3,4,0,4,18,72,32,0,6,10,0,20,46,174,75,1,18,34,0,56,114,437,202,1,49,125,0,1725287.0,2672409.6666666665
3,63,3,2,0,MAS DE 20 ANOS,APARTAMENTO,VENTA,4.671548174766649,-74.1322446723645,FONTIBON,CAPELLANIA,254800000.0,NaN,185823.0,,0,0,0,1,0,0,0,0,0,0,0,0,0,0,0,0,0,0,0,0,0,1,0,0,0,2,0,0,0,1,0,12,16,48,23,1,8,16,0,47,59,240,151,20,32,96,2,938967.0,1183508.0
2,71,4,2,0,ENTRE 10 Y 20 ANOS,CASA CON CONJUNTO CERRADO,VENTA,4.642100722639203,-74.15217074101106,KENNEDY,CIUDAD TECHO II,280900000.0,NaN,176000.0,,0,0,0,1,0,0,0,0,0,0,0,0,0,0,0,0,0,0,0,0,0,0,0,1,1,4,3,0,3,1,0,5,9,43,20,0,11,4,0,34,53,143,87,1,27,30,4,973208.6666666666,1442743.3333333333
5,105,3,2,1,MAS DE 20 ANOS,APARTAMENTO,VENTA,4.695334255707425,-74.0620952726754,SUBA,S.C. PASADENA,439665000.0,NaN,510000.0,,0,0,0,1,0,0,0,0,0,0,0,0,0,0,0,0,3,4,4,0,0,2,1,3,5,10,9,0,3,2,1,8,40,79,53,3,8,28,2,35,183,543,339,21,31,137,4,2373154.8,3034342.0
4,41,1,1,0,ENTRE 0 Y 5 ANOS,APARTAMENTO,VENTA,4.7577540350848215,-74.05300754325725,SUBA,URB. PLAZA BAVIERA,227000000.0,NaN,284849.0,,1,0,0,1,0,0,0,0,0,0,0,0,0,0,0,3,1,7,8,0,2,2,0,8,6,42,22,1,5,9,0,28,14,118,61,1,56,28,0,71,74,396,209,1,162,86,0,1332894.0,1554958.6
3,68,4,3,1,MAS DE 20 ANOS,CASA,VENTA,4.715400019062,-74.087830006186,SUBA,BOSQUES DE SAN JORGE,368000000.0,NaN,326000.0,,0,0,0,1,0,0,0,0,0,0,0,0,0,0,0,0,0,0,0,0,0,0,0,1,2,8,4,0,1,1,0,7,15,55,20,0,4,16,0,56,115,427,173,1,18,77,1,1824008.0,2918690.0
4,55,3,2,0,ENTRE 10 Y 20 ANOS,APARTAMENTO,VENTA,4.7500132075230495,-74.08213444789772,SUBA,S.C TUNA ALTA,210000000.0,NaN,133000.0,,0,0,0,1,0,0,0,1,0,0,0,0,0,0,0,5,0,3,0,0,0,1,0,13,1,10,2,0,2,1,0,29,5,34,5,1,7,13,0,51,36,148,76,1,28,72,2,1052412.25,1430124.0
5,114,3,3,2,MAS DE 20 ANOS,APARTAMENTO,VENTA,4.7168182482845165,-74.04263164044765,USAQUEN,NUEVO COUNTRY,465810000.0,NaN,40000.0,,0,0,0,0,0,0,0,0,1,0,0,0,1,0,0,3,1,2,0,0,5,2,0,3,8,7,4,0,11,6,1,12,36,101,86,1,33,30,2,41,156,522,337,7,61,141,2,2055999.0,2476195.75
3,72,3,2,1,ENTRE 0 Y 5 ANOS,APARTAMENTO,VENTA,4.6132215,-74.1314053,KENNEDY,SANTA ROSA DEL CARVAJAL,372200000.0,NaN,330000.0,,0,0,0,1,0,0,0,0,1,4,3,0,1,2,0,0,2,12,12,0,2,2,0,0,11,37,43,1,3,8,0,9,31,143,132,4,10,32,0,69,139,555,344,5,31,95,2,1645411.5,2419806.25
6,88,4,2,2,MAS DE 20 ANOS,APARTAMENTO,VENTA,4.699129242362309,-74.03701215684184,USAQUEN,SANTA BARBARA CENTRAL I SECTOR,476000000.0,NaN,457000.0,,0,0,0,0,0,0,0,0,0,1,0,0,1,1,0,0,2,8,5,0,1,3,0,2,5,15,7,0,3,6,0,11,36,117,131,15,13,43,1,28,98,296,254,24,51,112,2,3532941.5,4523861.5
6,143,4,4,2,MAS DE 20 ANOS,APARTAMENTO,VENTA,4.6891608,-74.0415714,USAQUEN,MOLINOS NORTE,675000000.0,NaN,893000.0,,0,0,0,1,0,1,0,0,0,1,0,0,0,0,0,0,1,3,6,0,0,0,0,0,5,17,16,0,1,6,0,4,27,99,81,9,9,48,0,26,156,358,425,46,42,179,7,3444196.4,4291057.8
4,63,3,2,1,MAS DE 20 ANOS,APARTAMENTO,VENTA,4.671548174766649,-74.1322446723645,FONTIBON,CAPELLANIA,300000000.0,NaN,213500.0,,0,0,0,1,0,0,0,0,0,0,0,0,0,0,0,0,0,0,0,0,0,1,0,0,0,2,0,0,0,1,0,12,16,48,23,1,8,16,0,47,59,240,151,20,32,96,2,938967.0,1183508.0
5,66,2,2,1,MAS DE 20 ANOS,APARTAMENTO,VENTA,4.715397567395892,-74.03411689621996,USAQUEN,LISBOA_,315000000.0,NaN,300000.0,,0,0,0,0,0,0,0,0,0,0,0,0,0,2,0,2,4,4,4,0,3,8,1,3,14,36,23,0,6,20,1,10,27,74,58,1,20,40,1,30,100,284,179,10,58,116,4,2481074.0,3128468.8
5,207,4,3,2,MAS DE 20 ANOS,APARTAMENTO,VENTA,4.698303189410644,-74.04449042495163,USAQUEN,SANTA BARBARA OCCIDENTAL,1150000000.0,NaN,1433000.0,,0,0,0,1,0,0,0,0,0,0,0,0,0,0,0,0,4,30,14,1,1,11,0,1,6,57,33,3,4,19,0,5,39,180,116,8,9,51,0,33,138,340,318,32,57,142,1,3135730.4285714286,3889639.714285714
4,60,2,2,1,ENTRE 10 Y 20 ANOS,APARTAMENTO,VENTA,4.721743847775179,-74.13292157194275,ENGATIVA,EL GACO - EL PORVENIR (PREDIO),297000000.0,NaN,258000.0,,1,0,0,1,0,0,0,0,0,0,0,0,0,0,0,0,3,8,11,0,0,0,0,1,5,20,14,0,0,1,0,7,13,48,21,0,3,6,0,24,84,358,161,1,38,50,0,1281316.0,1850062.0
2,48,3,1,0,ENTRE 10 Y 20 ANOS,APARTAMENTO,VENTA,4.648824347973569,-74.16736768406957,KENNEDY,CALANDAIMA - LOS PANTANOS,137000000.0,NaN,110000.0,,0,0,0,0,0,0,0,0,0,1,0,0,0,0,0,0,0,1,0,0,0,0,0,2,0,2,0,0,1,1,0,7,1,15,7,0,6,3,0,24,31,88,30,1,16,15,0,1622557.5,2648915.5
3,45,3,1,0,ENTRE 10 Y 20 ANOS,APARTAMENTO,VENTA,4.653532111435742,-74.13723455981149,KENNEDY,EL VERGEL,171000000.0,NaN,118800.0,,0,0,0,1,0,0,0,0,0,1,0,0,0,1,0,0,1,12,14,0,0,1,0,1,2,15,15,0,0,1,0,6,7,28,19,0,2,3,0,19,27,123,86,5,20,51,1,1620179.5625,2279365.9375
2,49,3,1,0,ENTRE 10 Y 20 ANOS,APARTAMENTO,VENTA,4.474624696326733,-74.12938991728302,USME,CIUDADELA DE USME LA ESPERANZA I ETAPA,108700000.0,NaN,58000.0,,0,0,0,1,0,0,0,0,0,0,0,0,0,0,0,0,0,0,0,0,0,0,0,0,0,0,0,0,0,0,0,4,1,1,1,0,2,2,0,4,1,1,2,0,3,2,3,871093.3333333334,1391106.6666666667
2,61,3,2,0,ENTRE 5 Y 10 ANOS,APARTAMENTO,VENTA,4.626752930126683,-74.20707869733283,BOSA,S.C. SAN BERNARDINO XXII,176623161.0,NaN,59999.0,,0,0,0,1,0,0,0,0,0,0,0,0,0,0,0,0,0,1,2,0,1,0,0,3,0,3,2,0,1,0,0,11,1,9,3,0,3,3,0,37,12,76,20,1,25,14,1,0.0,0.0
2,48,3,1,0,ENTRE 10 Y 20 ANOS,APARTAMENTO,VENTA,4.475401368589988,-74.12547788498546,USME,CIUDADELA DE USME LA ESPERANZA I ETAPA,111100000.0,NaN,70000.0,,0,0,0,1,0,0,0,0,0,0,0,0,0,0,0,1,0,0,0,0,0,0,0,1,1,0,0,0,2,1,0,4,1,1,1,0,3,2,2,4,1,2,1,0,3,2,3,798835.1428571428,1262700.7142857143
2,36,2,1,0,ENTRE 10 Y 20 ANOS,APARTAMENTO,VENTA,4.6474546,-74.17163529999999,KENNEDY,LOS CONDOMINIOS TIERRA BUENA II,111700000.0,NaN,55000.0,,0,0,0,1,0,0,0,0,0,0,0,0,0,0,0,2,0,3,1,0,1,2,0,2,0,12,4,0,3,3,0,6,1,13,6,0,5,4,0,28,32,96,32,1,18,21,0,801198.25,1208599.25
4,32,1,1,0,ENTRE 0 Y 5 ANOS,APARTAMENTO,VENTA,4.731732318211763,-74.0223077072459,USAQUEN,BOCACOLINA EL CEDRO,216000000.0,NaN,186666.0,,1,0,0,1,0,1,0,0,0,0,0,0,0,0,0,2,0,3,2,0,0,3,0,3,5,20,9,0,1,5,0,13,32,125,48,0,8,30,2,26,79,309,131,2,33,91,2,1158559.5,1379700.5
2,46,2,1,0,ENTRE 10 Y 20 ANOS,APARTAMENTO,VENTA,4.473267911875848,-74.12881863021639,USME,CIUDADELA DE USME LA ESPERANZA I ETAPA,103000000.0,NaN,44000.0,,0,0,0,1,0,0,0,0,0,0,0,0,0,0,0,0,0,0,0,0,0,0,0,0,0,0,1,0,1,2,0,4,1,1,1,0,2,2,0,4,1,1,1,0,3,2,3,461198.6666666667,717305.0
4,61,3,2,1,MAS DE 20 ANOS,APARTAMENTO,VENTA,4.609595706462543,-74.10650613834169,PUENTE ARANDA,BOSQUE DE LOS COMUNEROS,346500000.0,NaN,180000.0,,0,0,0,1,0,0,0,0,0,0,0,0,0,0,0,0,0,7,2,0,0,1,0,0,1,18,5,0,2,3,0,9,24,112,56,0,3,22,0,44,99,514,246,3,36,99,2,1540535.75,2074958.25
3,69,3,2,1,ENTRE 5 Y 10 ANOS,APARTAMENTO,VENTA,4.614916209234388,-74.08281602668573,LOS MARTIRES,EL LISTON,385000000.0,NaN,386400.0,,0,0,0,1,0,0,0,0,0,0,0,0,0,0,0,0,1,13,3,0,0,0,0,3,3,47,7,0,0,2,0,5,23,144,74,7,4,21,2,89,120,764,779,74,33,221,30,1710230.0,2365679.5
3,51,2,1,0,MAS DE 20 ANOS,APARTAMENTO,VENTA,4.750122765885594,-74.11165070958971,SUBA,SAN ANDRES AFIDRO,164000000.0,NaN,84100.0,,0,0,0,1,0,0,0,0,0,0,0,0,0,0,0,1,0,1,0,0,0,2,0,4,0,17,3,0,0,15,0,13,11,86,12,0,14,33,0,29,36,186,83,0,36,110,1,1020127.6666666666,1427420.4444444445
3,52,2,2,0,ENTRE 5 Y 10 ANOS,APARTAMENTO,VENTA,4.651434476744507,-74.16699979173899,KENNEDY,CALANDAIMA - LOS PANTANOS,166500000.0,NaN,106700.0,,0,0,0,1,0,0,0,0,0,0,0,0,0,0,0,0,0,0,0,0,0,0,0,1,0,1,0,0,0,0,0,4,0,9,3,0,5,3,0,21,29,86,29,1,16,14,0,559820.0,732453.0
3,64,3,2,1,MAS DE 20 ANOS,APARTAMENTO,VENTA,4.742990978302098,-74.0295312066351,USAQUEN,SANTA TERESA,289000000.0,NaN,375100.0,,0,0,0,1,0,0,0,0,2,5,1,0,0,1,0,2,6,26,7,0,2,4,0,5,20,91,34,0,7,13,0,21,50,186,78,1,21,36,0,53,110,422,194,1,43,120,2,1206708.5,1727876.3
3,25,1,1,0,MAS DE 20 ANOS,APARTAMENTO,VENTA,4.637957097894455,-74.0709107452651,TEUSAQUILLO,ALFONSO LOPEZ,185734677.0,NaN,NaN,,0,0,0,1,0,0,0,0,1,6,5,1,0,0,0,2,7,85,43,1,2,5,0,8,37,222,140,7,4,20,1,47,155,567,615,36,12,117,7,140,304,1162,1432,111,52,311,28,1927345.3333333333,2466139.1666666665
2,46,2,1,0,ENTRE 10 Y 20 ANOS,APARTAMENTO,VENTA,4.6254577,-74.2017743,BOSA,VILLA NUBIA,132500000.0,NaN,67000.0,,0,0,0,1,0,0,0,1,0,0,0,0,0,0,0,3,0,2,2,0,3,0,0,3,0,3,2,0,3,1,0,11,3,18,4,0,6,3,0,49,15,105,29,0,28,16,1,652500.0,725000.0
2,41,2,1,0,ENTRE 5 Y 10 ANOS,APARTAMENTO,VENTA,4.480636279332721,-74.12215224463272,USME,VEREDA EL PEDREGAL_LA LIRA,94900000.0,NaN,68600.0,,0,0,0,0,0,0,0,0,0,0,0,0,0,0,0,0,0,0,0,0,0,0,0,1,0,0,0,0,0,0,1,3,1,0,0,0,2,0,2,9,1,2,1,0,4,4,3,469378.3333333333,765998.3333333334
4,46,3,2,0,MAS DE 20 ANOS,APARTAMENTO,VENTA,4.635737385994816,-74.12519850071115,KENNEDY,EL CONDADO DE LA PAZ,217914788.0,NaN,130000.0,,0,0,0,1,0,0,0,0,0,0,0,0,0,0,0,0,1,2,0,0,0,0,0,2,2,5,1,0,1,1,0,7,11,41,14,0,3,10,1,35,71,362,177,1,21,78,3,1333423.6666666667,1843107.3333333333
4,37,2,1,0,ENTRE 0 Y 5 ANOS,APARTAMENTO,VENTA,4.613796271969195,-74.10755301977494,PUENTE ARANDA,PRIMAVERA OCCIDENTAL,215000000.0,NaN,141000.0,,0,0,0,1,0,0,0,0,0,0,0,0,0,0,0,0,3,11,10,0,1,3,0,3,6,25,17,0,1,6,0,8,25,127,66,0,6,28,0,40,105,532,257,2,31,92,2,1666637.5,2490807.75
3,37,2,1,0,ENTRE 0 Y 5 ANOS,APARTAMENTO,VENTA,4.591863,-74.10694079999999,ANTONIO NARINO,SANTANDER NORTE,195000000.0,NaN,146500.0,,0,0,0,1,0,0,0,0,0,0,0,0,0,0,0,1,3,4,7,0,0,3,0,6,10,110,23,0,1,7,0,34,29,298,76,0,7,28,0,115,138,695,322,3,43,99,4,1621204.0,1967638.0
3,40,2,1,0,ENTRE 0 Y 5 ANOS,APARTAMENTO,VENTA,4.75924204390962,-74.10149854781571,SUBA,URB. CAMINO VERDE,203000000.0,NaN,170000.0,,0,0,0,1,0,0,0,0,0,0,0,0,0,0,0,1,1,2,1,0,0,2,0,4,2,13,7,0,0,14,0,8,12,49,24,0,3,33,0,33,37,181,78,0,21,89,1,1376134.6666666667,2087172.0
2,45,3,1,0,ENTRE 10 Y 20 ANOS,APARTAMENTO,VENTA,4.6265,-74.2037927,BOSA,LA PRADERA EL VOLCAN,121210363.0,NaN,56000.0,,0,0,0,1,0,0,0,0,0,2,2,0,0,0,0,2,0,2,2,0,2,0,0,3,0,3,2,0,3,1,0,11,3,15,4,0,6,3,0,45,14,94,27,0,26,15,1,435000.0,483333.3333333333
2,33,2,1,0,ENTRE 10 Y 20 ANOS,APARTAMENTO,VENTA,4.533476175376538,-74.11816533362997,USME,CIUDADELA NUEVO MILENIO,132500000.0,NaN,75000.0,,0,0,0,1,0,0,0,0,0,0,0,0,0,0,0,1,0,2,0,0,0,1,0,1,0,2,0,0,0,1,0,7,0,3,0,0,3,2,0,25,3,32,3,0,12,5,0,1841840.3333333333,2527649.3333333335
1,47,3,1,0,ENTRE 5 Y 10 ANOS,APARTAMENTO,VENTA,4.623096267103034,-74.20946227369338,BOSA,S.C. SAN BERNARDINO XXII,131000000.0,NaN,53000.0,,0,0,0,1,0,0,0,0,0,0,0,0,0,0,0,1,0,1,0,0,0,0,0,2,0,1,0,0,0,1,0,10,1,5,2,0,4,2,0,39,15,110,26,1,38,18,1,0.0,0.0
4,30,1,1,0,ENTRE 0 Y 5 ANOS,APARTAMENTO,VENTA,4.731732318211763,-74.0223077072459,USAQUEN,BOCACOLINA EL CEDRO,207000000.0,NaN,222000.0,,1,0,0,1,0,0,0,0,0,0,0,0,0,0,0,2,0,3,2,0,0,3,0,3,5,20,9,0,1,5,0,13,32,125,48,0,8,30,2,26,79,309,131,2,33,91,2,1158559.5,1379700.5
2,42,2,1,0,ENTRE 10 Y 20 ANOS,APARTAMENTO,VENTA,4.475050661579936,-74.12653612366437,USME,CIUDADELA DE USME LA ESPERANZA I ETAPA,97200000.0,NaN,59000.0,,0,0,0,1,0,0,0,0,0,0,0,0,0,0,0,0,0,0,0,0,0,0,0,1,0,0,0,0,1,1,0,4,1,1,1,0,3,2,2,4,1,1,1,0,3,2,3,540802.4,833223.8
4,31,1,1,0,ENTRE 5 Y 10 ANOS,APARTAMENTO,VENTA,4.62689962168341,-74.06848564877812,SANTA FE,SAGRADO CORAZON,276500000.0,NaN,145100.0,,0,0,0,1,0,0,0,0,3,2,9,0,1,0,0,11,11,19,66,6,2,23,1,29,41,76,204,16,3,48,5,61,103,313,614,39,20,137,10,116,274,929,1309,98,45,290,35,1742512.5,2070254.5
2,45,2,1,0,ENTRE 10 Y 20 ANOS,APARTAMENTO,VENTA,4.626614014284647,-74.20366070608215,BOSA,LA PRADERA EL VOLCAN,124400000.0,NaN,50000.0,,0,0,0,1,0,0,0,0,0,2,2,0,0,0,0,2,0,2,2,0,2,0,0,3,0,3,2,0,3,1,0,11,3,15,4,0,6,3,0,45,14,94,27,0,26,15,1,435000.0,483333.3333333333
3,78,3,2,0,ENTRE 10 Y 20 ANOS,APARTAMENTO,VENTA,4.751860282708614,-74.10057547999935,SUBA,URB. LAS FLORES,273400000.0,NaN,166000.0,,0,0,0,1,0,0,0,0,0,0,0,0,0,0,0,1,6,21,13,0,2,12,0,6,7,37,21,0,5,26,0,16,27,90,70,0,9,56,1,47,48,225,87,0,39,133,1,1776852.5,2814467.0
2,42,3,1,0,ENTRE 10 Y 20 ANOS,APARTAMENTO,VENTA,4.630329504248353,-74.20328714884575,BOSA,CONDOMINIOS DEL RECREO,115000000.0,NaN,73010.0,,0,0,0,1,0,0,0,0,0,1,1,0,0,0,0,0,0,2,1,0,1,0,0,5,0,6,3,0,1,1,0,13,2,14,3,0,3,2,0,42,9,53,15,0,18,10,0,413461.5,615243.25
1,46,2,1,0,ENTRE 5 Y 10 ANOS,APARTAMENTO,VENTA,4.4756653976205145,-74.12623716935182,USME,CIUDADELA DE USME LA ESPERANZA I ETAPA,101800000.0,NaN,45000.0,,0,0,0,1,0,0,0,0,0,0,0,0,0,0,0,0,0,0,0,0,0,0,0,1,0,0,0,0,0,0,0,4,1,1,1,0,3,2,2,4,1,2,2,0,3,2,3,855587.75,1376725.5
2,47,2,1,0,ENTRE 0 Y 5 ANOS,APARTAMENTO,VENTA,4.717163,-74.1366635,ENGATIVA,LA FAENA - JABOQUE (FINCA),163400000.0,NaN,125300.0,,0,0,0,1,0,0,0,0,0,0,0,0,0,0,0,1,1,1,1,0,0,0,0,2,3,1,1,0,1,0,0,14,22,64,38,0,12,5,0,24,93,406,180,2,33,52,0,988318.8,1453426.1
3,56,3,2,1,MAS DE 20 ANOS,APARTAMENTO,VENTA,4.716121499999999,-74.0888767,SUBA,BOSQUES DE SAN JORGE,263100000.0,NaN,278000.0,,0,0,0,1,0,0,0,0,0,0,0,0,0,0,0,0,1,4,3,0,0,0,0,2,2,10,4,0,1,2,0,10,20,67,32,0,3,19,0,55,107,414,175,1,20,79,1,1545523.0,2507965.3333333335
3,57,3,2,1,MAS DE 20 ANOS,APARTAMENTO,VENTA,4.662499984103,-74.128939972319,FONTIBON,EL TINTAL A.S.D.,271000000.0,NaN,180700.0,,0,0,0,1,0,0,0,0,0,0,1,0,0,1,0,1,2,12,11,0,0,13,0,1,5,26,15,0,5,14,0,13,16,73,42,1,9,19,0,33,61,223,162,12,29,73,3,2909967.8,3768395.0
1,57,3,1,0,ENTRE 5 Y 10 ANOS,APARTAMENTO,VENTA,4.634012045487788,-74.175718376368,KENNEDY,LAS MARGARITAS OCCIDENTAL,162000000.0,NaN,46000.0,,0,0,0,1,0,0,0,0,0,0,0,0,0,0,0,1,0,0,0,0,1,0,0,4,4,21,7,0,1,1,0,13,7,54,20,0,8,5,0,50,44,174,58,1,32,36,0,1011805.75,1508831.75
2,46,2,1,0,ENTRE 5 Y 10 ANOS,APARTAMENTO,VENTA,4.473267911875848,-74.12881863021639,USME,CIUDADELA DE USME LA ESPERANZA I ETAPA,111930000.0,NaN,45000.0,,0,0,0,0,0,0,0,0,0,0,0,0,0,0,0,0,0,0,0,0,0,0,0,0,0,0,1,0,1,2,0,4,1,1,1,0,2,2,0,4,1,1,1,0,3,2,3,461198.6666666667,717305.0
3,48,2,1,0,ENTRE 5 Y 10 ANOS,APARTAMENTO,VENTA,4.610934548092721,-74.20630170000001,BOSA,URB. LA ESPERANZA,120900000.0,NaN,70000.0,,0,0,0,1,0,0,0,0,0,2,2,0,1,1,0,1,0,13,5,0,6,2,0,4,0,25,9,0,7,3,0,14,9,84,22,0,23,9,1,44,18,187,43,1,72,26,1,939188.0,1468410.75
2,49,3,2,0,ENTRE 10 Y 20 ANOS,APARTAMENTO,VENTA,4.476517628094369,-74.12517450951587,USME,CIUDADELA DE USME LA ESPERANZA I ETAPA,111000000.0,NaN,67100.0,,0,0,0,1,0,0,0,0,0,0,0,0,0,0,0,0,0,0,0,0,0,0,0,1,0,0,0,0,1,0,0,4,1,1,1,0,3,2,2,4,1,2,1,0,3,3,3,799719.3333333334,1284465.3333333333
3,36,2,1,0,ENTRE 10 Y 20 ANOS,APARTAMENTO,VENTA,4.752970528886704,-74.08463478973768,SUBA,CAMPANELLA,155000000.0,NaN,73855.0,,0,0,0,1,0,0,0,1,0,1,0,0,0,0,0,4,1,3,0,0,2,4,0,12,1,8,1,0,3,6,0,28,5,33,4,0,6,8,0,49,34,139,77,1,23,78,1,1388737.142857143,2127705.0
2,51,3,1,0,MAS DE 20 ANOS,APARTAMENTO,VENTA,4.713523710080642,-74.13938666535478,ENGATIVA,ENGATIVA - URB. MUISCA,157000000.0,NaN,110000.0,,0,0,0,1,0,0,0,0,0,0,0,0,0,0,0,1,4,5,5,0,0,2,0,7,13,29,16,0,6,4,0,10,16,44,21,1,10,4,0,24,77,351,153,2,27,48,1,1228626.0833333333,1842305.75
2,63,4,1,0,MAS DE 20 ANOS,CASA CON CONJUNTO CERRADO,VENTA,4.6437491,-74.16386059999999,KENNEDY,CALANDAIMA - LOS PANTANOS,175000000.0,NaN,83000.0,,0,0,0,1,0,0,0,0,0,0,0,0,0,0,0,2,1,0,3,0,0,0,0,4,1,2,4,0,3,0,0,17,22,60,17,1,6,10,0,25,34,108,37,1,21,18,0,1184359.0,1685478.0
2,47,3,1,0,ENTRE 10 Y 20 ANOS,APARTAMENTO,VENTA,4.6325409,-74.19871950000001,BOSA,S.C. SAN BERNARDINO XVI,131272551.0,NaN,86500.0,,0,0,0,1,0,0,0,0,0,0,0,0,0,0,0,1,1,3,0,0,0,0,0,4,1,8,0,0,1,1,0,17,3,21,4,0,6,4,0,44,10,56,18,0,20,16,0,993813.625,1462167.0
3,67,3,2,-2,ENTRE 0 Y 5 ANOS,APARTAMENTO,VENTA,4.589681922027409,-74.11442539813649,ANTONIO NARINO,SANTANDER_,307169231.0,NaN,278000.0,,0,0,0,1,0,0,0,1,0,0,0,0,1,0,0,3,0,0,0,0,3,1,0,6,0,7,1,0,5,2,1,24,12,93,23,0,13,17,1,113,140,676,302,3,46,107,6,1056649.6666666667,1407632.4444444445
